Date,Rate
2004-05-11,1.3851
2004-05-12,1.3863
2004-05-17,1.3846
2004-05-18,1.3931
2004-05-19,1.3762
2004-05-20,1.3704
2004-05-21,1.373
2004-05-24,1.369
2004-05-25,1.3743
2004-05-26,1.3716
2004-05-27,1.3603
2004-06-01,1.3678
2004-06-02,1.3607
2004-06-03,1.3596
2004-06-04,1.35
2004-06-07,1.3447
2004-06-08,1.3464
2004-06-09,1.3594
2004-06-10,1.3574
2004-06-11,1.3648
2004-06-14,1.3677
2004-06-15,1.3673
2004-06-16,1.3769
2004-06-17,1.3756
2004-06-18,1.3629
2004-06-21,1.363
2004-06-22,1.3577
2004-06-23,1.3614
2004-06-24,1.3444
2004-06-25,1.3489
2004-06-28,1.3428
2004-06-29,1.3438
2004-06-30,1.3422
2004-07-01,1.3335
2004-07-02,1.3278
2004-07-06,1.3271
2004-07-07,1.3214
2004-07-08,1.3171
2004-07-09,1.3199
2004-07-12,1.3188
2004-07-13,1.328
2004-07-14,1.3209
2004-07-15,1.3244
2004-07-16,1.3091
2004-07-19,1.3087
2004-07-20,1.3104
2004-07-21,1.3249
2004-07-22,1.313
2004-07-23,1.3212
2004-07-26,1.3315
2004-07-27,1.3365
2004-07-28,1.3316
2004-07-29,1.3252
2004-08-02,1.3315
2004-08-03,1.3188
2004-08-04,1.316
2004-08-05,1.3185
2004-08-06,1.3039
2004-08-09,1.317
2004-08-10,3.3137
2004-08-11,1.3239
2004-08-12,1.3275
2004-08-13,1.3141
2004-08-16,1.3077
2004-08-17,1.3083
2004-08-19,1.2963
2004-08-20,1.2976
2004-08-23,1.3069
2004-08-24,1.3028
2004-08-25,1.3039
2004-08-26,1.3122
2004-08-27,1.3097
2004-08-30,1.3181
2004-08-31,1.3191
2004-09-01,1.3073
2004-09-02,1.2991
2004-09-03,1.2991
2004-09-07,1.2862
2004-09-08,1.2894
2004-09-09,1.2873
2004-09-10,1.2884
2004-09-13,1.2982
2004-09-14,1.2919
2004-09-15,1.2984
2004-09-16,1.291
2004-09-17,1.3014
2004-09-20,1.2953
2004-09-21,1.2875
2004-09-22,1.2825
2004-09-23,1.2776
2004-09-24,1.2764
2004-09-27,1.273
2004-09-28,1.2754
2004-09-29,1.2718
2004-10-01,1.2626
2004-10-04,1.2734
2004-10-05,1.2625
2004-10-06,1.2598
2004-10-07,1.2557
2004-10-08,1.2509
2004-10-11,1.2553
2004-10-12,1.257
2004-10-13,1.2638
2004-10-14,1.2531
2004-10-15,1.2523
2004-10-18,1.2549
2004-10-19,1.2543
2004-10-20,1.2426
2004-10-21,1.2429
2004-10-22,1.2386
2004-10-25,1.2227
2004-10-26,1.2249
2004-10-27,1.2271
2004-10-28,1.2188
2004-10-29,1.2197
2004-11-01,1.2244
2004-11-02,1.2268
2004-11-03,1.2123
2004-11-04,1.205
2004-11-05,1.198
2004-11-08,1.1928
2004-11-09,1.1954
2004-11-10,1.196
2004-11-11,1.1976
2004-11-12,1.194
2004-11-15,1.2022
2004-11-16,1.1932
2004-11-17,1.1913
2004-11-18,1.2071
2004-11-19,1.1931
2004-11-22,1.1838
2004-11-23,1.187
2004-11-29,1.1849
2004-11-30,1.1901
2004-12-01,1.184
2004-12-02,1.1897
2004-12-03,1.1974
2004-12-06,1.2014
2004-12-07,1.207
2004-12-08,1.2246
2004-12-09,1.2254
2004-12-10,1.2272
2004-12-13,1.2297
2004-12-14,1.2383
2004-12-15,1.2241
2004-12-16,1.2353
2004-12-17,1.2282
2004-12-20,1.2289
2004-12-21,1.2278
2004-12-22,1.2418
2004-12-23,1.237
2004-12-27,1.2151
2004-12-28,1.2185
2004-12-29,1.2159
2005-01-03,1.2088
2005-01-04,1.2249
2005-01-05,1.2236
2005-01-06,1.2322
1950-01-10,1.2194
2005-01-11,1.2155
2005-01-12,1.1979
2005-01-13,1.2008
2005-01-14,1.2184
2005-01-17,1.215
2005-01-18,1.2201
2005-01-19,1.2271
2005-01-24,1.2255
2005-01-25,1.2377
2005-01-26,1.2309
2005-01-27,1.2383
2005-01-28,1.2437
2005-01-31,1.2399
2005-02-01,1.2405
2005-02-07,1.2554
2005-02-08,1.247
2005-02-09,1.2491
2005-02-10,1.2401
2005-02-11,1.236
2005-02-14,1.2337
2005-02-15,1.2334
2005-02-16,1.2441
2005-02-17,1.231
2005-02-21,1.2341
2005-02-22,1.2297
2005-02-23,1.2422
2005-02-24,1.2464
2005-02-25,1.2405
2005-02-28,1.2293
2005-03-01,1.2423
2005-03-02,1.2397
2005-03-03,1.2461
2005-03-04,1.2321
2005-03-07,1.2291
2005-03-08,1.2166
2005-03-09,1.2076
2005-03-10,1.204
2005-03-11,1.2044
2005-03-14,1.2084
2005-03-15,1.2075
2005-03-16,1.2022
2005-03-17,1.1999
2005-03-18,1.2008
2005-03-21,1.2122
2005-03-22,1.2005
2005-03-23,1.2141
2005-03-24,1.2162
2005-03-25,1.2166
2005-03-28,1.2241
2005-03-29,1.2128
2005-03-30,1.2164
2005-03-31,1.2109
2005-04-01,1.2147
2005-04-04,1.2211
2005-04-05,1.22
2005-04-06,1.2236
2005-04-07,1.2206
2005-04-08,1.227
2005-04-11,1.2333
2005-04-12,1.2399
2005-04-13,1.2366
2005-04-14,1.2415
2005-04-15,1.2409
2005-04-18,1.2477
2005-04-19,1.2399
2005-04-20,1.2389
2005-04-21,1.2383
2005-04-22,1.2329
2005-04-25,1.2368
2005-04-26,1.2459
2005-04-27,1.2463
2005-04-28,1.2493
2005-04-29,1.2526
2005-05-02,1.2553
2005-05-03,1.2537
2005-05-05,1.2448
2005-05-06,1.2446
2005-05-09,1.2373
2005-05-10,1.2369
2005-05-11,1.247
2005-05-12,1.2493
2005-05-16,1.2701
2005-05-17,1.2674
2005-05-18,1.2609
2005-05-19,1.2631
2005-05-20,1.2638
2005-05-23,1.2573
2005-05-24,1.2613
2005-05-25,1.2644
2005-05-31,1.2507
2005-06-01,1.2469
2005-06-02,1.2464
2005-06-03,1.2481
2005-06-06,1.2444
2005-06-07,1.2479
2005-06-08,1.2429
2005-06-09,1.2546
2005-06-10,1.2486
2005-06-13,1.2564
2005-06-14,1.2562
2005-06-15,1.2403
2005-06-16,1.2375
2005-06-17,1.2347
2005-06-20,1.2321
2005-06-21,1.2308
2005-06-22,1.2356
2005-06-23,1.2313
2005-06-24,1.2333
2005-06-27,1.2309
2005-06-28,1.2307
2005-06-29,1.2257
2005-06-30,1.225
2005-07-05,1.2427
2005-07-06,1.2369
2005-07-07,1.2282
2005-07-08,1.2201
2005-07-11,1.213
2005-07-12,1.2046
2005-07-13,1.2067
2005-07-14,1.208
2005-07-15,1.2201
2005-07-18,1.2133
2005-07-19,1.219
2005-07-20,1.2232
2005-07-21,1.2143
2005-07-22,1.2177
2005-07-25,1.2195
2005-07-26,1.2289
2005-07-27,1.2341
2005-07-28,1.2348
2005-07-29,1.2224
2005-08-01,1.2133
2005-08-02,1.2089
2005-08-03,1.2131
2005-08-04,1.2102
2005-08-05,1.2186
2005-08-08,1.2131
2005-08-09,1.2137
2005-08-10,1.2111
2005-08-11,1.201
2005-08-12,1.1944
2005-08-15,1.1956
2005-08-16,1.1981
2005-08-17,1.2076
2005-08-18,1.2183
2005-08-19,1.2107
2005-08-22,1.2037
2005-08-23,1.1979
2005-08-24,1.1976
2005-08-25,1.1887
2005-08-26,1.195
2005-08-29,1.1958
2005-08-30,1.1923
2005-09-01,1.184
2005-09-02,1.1874
2005-09-06,1.1876
2005-09-07,1.1852
2005-09-08,1.182
2005-09-09,1.1741
2005-09-12,1.1848
2005-09-13,1.1804
2005-09-14,1.1822
2005-09-15,1.1875
2005-09-16,1.1813
2005-09-19,1.1697
2005-09-20,1.1703
2005-09-21,1.1706
2005-09-22,1.168
2005-09-23,1.1717
2005-09-26,1.1712
2005-09-27,1.1777
2005-09-28,1.1789
2005-09-29,1.1719
2005-09-30,1.161
2005-10-03,1.164
2005-10-04,1.1723
2005-10-05,1.1794
2005-10-06,1.1825
2005-10-07,1.1746
2005-10-10,1.1742
2005-10-11,1.1757
2005-10-12,1.1706
2005-10-13,1.1834
2005-10-14,1.1866
2005-10-17,1.1796
2005-10-18,1.1801
2005-10-19,1.1757
2005-10-20,1.1771
2005-10-21,1.1852
2005-10-24,1.1894
2005-10-25,1.1786
2005-10-26,1.1702
2005-10-27,1.1695
2005-10-28,1.175
2005-10-31,1.1788
2005-11-01,1.1755
2005-11-02,1.18
2005-11-03,1.1813
2005-11-04,1.1795
2005-11-07,1.1896
2005-11-08,1.1876
2005-11-09,1.1859
2005-11-10,1.1888
2005-11-11,1.1912
2005-11-14,1.1964
2005-11-15,1.1943
2005-11-16,1.1898
2005-11-17,1.1868
2005-11-18,1.1886
2005-11-21,1.1817
2005-11-22,1.1775
2005-11-23,1.1716
2005-11-28,1.167
2005-11-29,1.168
2005-11-30,1.1658
2005-12-01,1.1703
2005-12-02,1.1626
2005-12-05,1.1573
2005-12-06,1.1558
2005-12-07,1.158
2005-12-08,1.1572
2005-12-09,1.1583
2005-12-12,1.151
2005-12-13,1.151
2005-12-14,1.1518
2005-12-15,1.1571
2005-12-16,1.1553
2005-12-19,1.1626
2005-12-20,1.1722
2005-12-21,1.167
2005-12-22,1.1666
2005-12-23,1.1647
2005-12-27,1.1726
2005-12-28,1.1617
2005-12-29,1.1635
2005-12-30,1.1671
2006-01-03,1.156
2006-01-04,1.151
2006-01-05,1.1596
2006-01-06,1.1742
2006-01-09,1.1688
2006-01-10,1.1636
2006-01-11,1.1584
2006-01-12,1.1619
2006-01-13,1.1613
2006-01-16,1.1573
2006-01-17,1.1642
2006-01-18,1.1725
2006-01-19,1.1663
2006-01-20,1.1527
2006-01-23,1.1497
2006-01-24,1.1535
2006-01-25,1.1493
2006-01-26,1.1501
2006-01-27,1.1485
2006-01-30,1.1448
2006-01-31,1.1438
2006-02-01,1.1411
2006-02-02,1.1424
2006-02-03,1.147
2006-02-06,1.1458
2006-02-07,1.1535
2006-02-08,1.1501
2006-02-09,1.1458
2006-02-10,1.1541
2006-02-13,1.1554
2006-02-14,1.1544
2006-02-15,1.1578
2006-02-16,1.159
2006-02-17,1.1511
2006-02-20,1.1482
2006-02-21,1.1461
2006-02-22,1.1474
2006-02-23,1.1511
2006-02-24,1.1512
2006-02-27,1.1426
2006-02-28,1.1374
2006-03-01,1.1368
2006-03-02,1.1316
2006-03-03,1.1352
2006-03-06,1.1394
2006-03-07,1.1464
2006-03-08,1.1573
2006-03-09,1.1601
2006-03-10,1.1611
2006-03-13,1.1575
2006-03-14,1.1548
2006-03-15,1.1544
2006-03-16,1.1527
2006-03-17,1.1571
2006-03-20,1.1627
2006-03-21,1.1646
2006-03-22,1.1642
2006-03-23,1.1659
2006-03-24,1.1676
2006-03-27,1.1685
2006-03-28,1.1691
2006-03-29,1.1718
2006-03-30,1.1629
2006-03-31,1.166
2006-04-03,1.1718
2006-04-04,1.1654
2006-04-05,1.1618
2006-04-06,1.1535
2006-04-07,1.1472
2006-04-10,1.1462
2006-04-11,1.1456
2006-04-12,1.1487
2006-04-13,1.152
2006-04-14,1.1504
2006-04-17,1.1452
2006-04-18,1.1424
2006-04-19,1.1373
2006-04-20,1.1396
2006-04-24,1.1365
2006-04-25,1.1314
2005-04-26,1.128
2006-04-27,1.1229
2006-04-28,1.1194
2006-05-01,1.1134
2006-05-02,1.117
2006-05-03,1.1059
2006-05-04,1.1064
2006-05-05,1.1064
2006-05-08,1.1116
2006-05-09,1.1003
2006-05-10,1.1011
2006-05-11,1.0982
2006-05-15,1.1142
2006-05-16,1.1115
2006-05-17,1.1112
2006-05-18,1.1213
2006-05-19,1.1257
2006-05-22,1.1194
2006-05-23,1.1178
2006-05-24,1.124
2006-05-25,1.1089
2006-05-26,1.1088
2006-05-30,1.0992
2006-05-31,1.0968
2006-06-01,1.1012
2006-06-02,1.0985
2006-06-05,1.1004
2006-06-06,1.1153
2006-06-07,1.1117
2006-06-08,1.122
2006-06-09,1.1076
2006-06-12,1.1002
2006-06-13,1.1091
2006-06-14,1.1119
2006-06-15,1.1173
2006-06-16,1.1231
2006-06-20,1.1159
2006-06-21,1.1056
2006-06-22,1.1197
2006-06-23,1.1243
2006-06-26,1.1234
2006-06-27,1.1205
2006-06-28,1.1246
2006-06-29,1.1146
2006-06-30,1.1104
2006-07-05,1.1132
2006-07-06,1.1108
2006-07-07,1.1127
2006-07-10,1.125
2006-07-11,1.1327
2006-07-12,1.1373
2006-07-13,1.1318
2006-07-14,1.1265
2006-07-17,1.1333
2006-07-18,1.1332
2006-07-19,1.13333
2006-07-20,1.1322
2006-07-21,1.1373
2006-07-24,1.14222
2006-07-25,1.1426
2006-07-26,1.1381
2006-07-27,1.13875
2006-07-28,1.1299
2006-07-31,1.1303
2006-08-01,1.1333
2006-08-02,1.1262
2006-08-03,1.1262
2006-08-04,1.1283
2006-08-07,1.1192
2006-08-08,1.1199
2006-08-09,1.1202
2006-08-10,1.1259
2006-08-11,1.1197
2006-08-14,1.1264
2006-08-15,1.1228
2006-08-16,1.1155
2006-08-17,1.1163
2006-08-21,1.1182
2006-08-22,1.1152
2006-08-23,1.1105
2006-08-24,1.1108
2006-08-25,1.1081
2006-08-28,1.1112
2006-08-29,1.1103
2006-08-30,1.1087
2006-08-31,1.1082
2006-09-01,1.1058
2006-09-05,1.111
2006-09-06,1.1043
2006-09-07,1.1095
2006-09-08,1.119
2006-09-11,1.1221
2006-09-12,1.1173
2006-09-13,1.1179
2006-09-14,1.1163
2006-09-15,1.1181
2006-09-18,1.1168
2006-09-19,1.1228
2006-09-20,1.1275
2006-09-21,1.1201
2006-09-22,1.1151
2006-09-25,1.1164
2006-09-26,1.1156
2006-09-27,1.1147
2006-09-28,1.1102
2006-09-29,1.1157
2006-10-02,1.1153
2006-10-03,1.1202
2006-10-04,1.1295
2006-10-05,1.1272
2006-10-06,1.1265
2006-10-09,1.1262
2006-10-10,1.1308
2006-10-11,1.1354
2006-10-12,1.1362
2006-10-13,1.137
2006-10-16,1.1386
2006-10-17,1.138
2006-10-18,1.1378
2006-10-19,1.1316
2006-10-20,1.1249
2006-10-23,1.1274
2006-10-24,1.1284
2006-10-25,1.1253
2006-10-26,1.1274
2006-10-27,1.1193
2006-10-30,1.1231
2006-10-31,1.1219
2006-11-01,1.1326
2006-11-02,1.1363
2006-11-03,1.1287
2006-11-06,1.1306
2006-11-07,1.1293
2006-11-08,1.1273
2006-11-09,1.1297
2006-11-10,1.1309
2006-11-13,1.1374
2006-11-14,1.1386
2006-11-15,1.1402
2006-11-16,1.1408
2006-11-17,1.1454
2006-11-20,1.1317
2006-11-21,1.1477
2006-11-22,1.1417
2006-11-27,1.1325
2006-11-28,1.1313
2006-11-29,1.1371
2006-11-30,1.1415
2006-12-01,1.1445
2006-12-04,1.1438
2006-12-05,1.1418
2006-12-06,1.1468
2006-12-07,1.1482
2006-12-11,1.1474
2006-12-12,1.1545
2006-12-13,1.1571
2006-12-14,1.1561
2006-12-15,1.1581
2006-12-18,1.1575
2006-12-19,1.1554
2006-12-20,1.1482
2006-12-21,1.1538
2006-12-22,1.1583
2006-12-26,1.1597
2006-12-27,1.1611
2006-12-28,1.1593
2007-01-02,1.1647
2007-01-03,1.1695
2007-01-04,1.1767
2007-01-05,1.1756
2007-01-08,1.1771
2007-01-09,1.1784
2007-01-10,1.1783
2007-01-11,1.1762
2007-01-12,1.17
2007-01-15,1.1684
2007-01-16,1.1755
2007-01-17,1.1731
2007-01-18,1.1747
2007-01-19,1.1716
2007-01-22,1.1754
2007-01-23,1.1809
2007-01-25,1.1778
2007-01-29,1.1826
2007-01-30,1.1806
2007-01-31,1.1794
2007-02-01,1.1761
2007-02-02,1.1845
2007-02-05,1.1822
2007-02-06,1.1817
2007-02-07,1.1851
2007-02-08,1.1849
2007-02-09,1.1739
2007-02-12,1.1754
2007-02-13,1.1684
2007-02-14,1.1651
2007-02-15,1.1637
2007-02-16,1.1637
2007-02-19,1.1634
2007-02-20,1.1692
2007-02-21,1.1615
2007-02-22,1.16
2007-02-23,1.1572
2007-02-26,1.1598
2007-02-27,1.1647
2007-03-01,1.1723
2007-03-02,1.1753
2007-03-05,1.1808
2007-03-06,1.1754
2007-03-07,1.1795
2007-03-08,1.1809
2007-03-09,1.1709
2007-03-12,1.1706
2007-03-13,1.1705
2007-03-14,1.1769
2007-03-15,1.1742
2007-03-16,1.173
2007-03-19,1.175
2007-03-20,1.163
2007-03-21,1.1579
2007-03-22,1.586
2007-03-23,1.1593
2007-03-26,1.1623
2007-03-27,1.1574
2007-03-28,1.1564
2007-03-29,1.157
2007-03-30,1.1501
2007-04-02,1.1554
2007-04-03,1.1582
2007-04-04,1.1569
2007-04-05,1.1496
2007-04-09,1.1517
2007-04-10,1.1478
2007-04-11,1.1444
2007-04-12,1.1361
2007-04-13,1.138
2007-04-16,1.1312
2007-04-17,1.1299
2007-04-18,1.1288
2007-04-19,1.1285
2007-04-20,1.1224
2007-04-23,1.1222
2007-04-24,1.1226
2007-04-25,1.1153
2007-04-26,1.1205
2007-04-30,1.1068
2007-05-01,1.1075
2007-05-02,1.108
2007-05-03,1.1064
2007-05-04,1.1062
2007-05-07,1.1029
2007-05-08,1.1051
2007-05-09,1.1051
2007-05-10,1.1077
2007-05-14,1.1065
2007-05-15,1.0971
2007-05-16,1.1022
2007-05-17,1.0983
2007-05-18,1.0882
2007-05-21,1.0844
2007-05-22,1.0861
2007-05-23,1.0817
2007-05-24,1.0842
2007-05-29,1.0719
2007-05-30,1.0753
2007-05-31,1.0693
2007-06-01,1.0664
2007-06-04,1.058
2007-06-05,1.0604
2007-06-06,1.0592
2007-06-07,1.0609
2007-06-08,1.0621
2007-06-11,1.0612
2007-06-12,1.0638
2007-06-13,1.0672
2007-06-15,1.0672
2007-06-18,1.0708
2007-06-19,1.0633
2007-06-20,1.0639
2007-06-21,1.0715
2007-06-22,1.0672
2007-06-25,1.0708
2007-06-26,1.0691
2007-06-27,1.0716
2007-06-28,1.0631
2007-07-02,1.065
2007-07-03,1.0597
2007-07-05,1.0576
2007-07-06,1.0481
2007-07-09,1.0474
2007-07-10,1.0509
2007-07-11,1.0568
2007-07-12,1.047
2007-07-16,1.043
2007-07-17,1.0433
2007-07-18,1.0434
2007-07-19,1.0423
2007-07-20,1.0436
2007-07-23,1.0449
2007-07-24,1.037
2007-07-25,1.0414
2007-07-26,1.0515
2007-07-27,1.0582
2007-07-30,1.0685
2007-07-31,1.0653
2007-08-02,1.0527
2007-08-03,1.0524
2007-08-06,1.0572
2007-08-07,1.0561
2007-08-08,1.0489
2007-08-09,1.0556
2007-08-13,1.0507
2007-08-14,1.0621
2007-08-15,1.0745
2007-08-16,1.0767
2007-08-17,1.0615
2007-08-20,1.0587
2007-08-21,1.059
2007-08-22,1.0613
2007-08-23,1.0557
2007-08-24,1.0525
2007-08-27,1.051
2007-08-28,1.0628
2007-08-29,1.0611
2007-08-30,1.0562
2007-08-31,1.0563
2007-09-04,1.0493
2007-09-05,1.0521
2007-09-06,1.0519
2007-09-07,1.0554
2007-09-10,1.054
2007-09-11,1.0436
2007-09-12,1.0374
2007-09-13,1.0332
2007-09-14,1.0291
2007-09-17,1.029
2007-09-18,1.023
2007-09-19,1.0153
2007-09-20,1.0011
2007-09-21,1.0002
2007-09-24,1.0011
2007-09-25,1.0008
2007-09-26,1.0052
2007-09-27,1.0019
2007-09-28,0.9935
2007-10-01,0.9936
2007-10-02,1.0
2007-10-03,0.9968
2007-10-04,0.9973
2007-10-05,0.9809
2007-10-08,0.9805
2007-10-09,0.9841
2007-10-10,0.9814
2007-10-11,0.9734
2007-10-12,0.9741
2007-10-15,0.9762
2007-10-16,0.9798
2007-10-17,0.9744
2007-10-18,0.9758
2007-10-19,0.9638
2007-10-22,0.9779
2007-10-23,0.9863
2007-10-24,0.9727
2007-10-25,0.9676
2007-10-26,0.9613
2007-10-29,0.9547
2007-10-31,0.9506
2007-11-01,0.9498
2007-11-02,0.9357
2007-11-05,0.9341
2007-11-06,0.9245
2007-11-07,0.9159
2007-11-08,0.9275
2007-11-09,0.9393
2007-11-12,0.9639
2007-11-13,0.963
2007-11-14,0.9605
2007-11-15,0.981
2007-11-19,0.9841
2007-11-20,0.9849
2007-11-21,0.9905
2007-11-26,0.9875
2007-11-27,0.9957
2007-11-28,0.9944
2007-11-29,0.9924
2007-11-30,1.0006
2007-12-03,1.0007
2007-12-04,1.0107
2007-12-05,1.0125
2007-12-06,1.0139
2007-12-07,1.0063
2007-12-10,1.0106
2007-12-11,1.0107
2007-12-12,1.0101
2007-12-13,1.0186
2007-12-14,1.0134
2007-12-17,1.006
2007-12-18,1.01
2007-12-19,1.0049
2007-12-20,0.9987
2007-12-21,0.9941
2007-12-24,0.9854
2007-12-26,0.9827
2007-12-27,0.9805
2008-01-02,0.9938
2008-01-03,0.9919
2008-01-04,1.0011
2008-01-07,1.0062
2008-01-08,0.9994
2008-01-09,1.0081
2008-01-10,1.0144
2008-01-11,1.02
2008-01-14,1.0186
2008-01-15,1.0163
2008-01-16,1.0251
2008-01-17,1.0302
2008-01-18,1.0272
2008-01-21,1.0322
2008-01-22,1.0248
2008-01-23,1.0276
2008-01-24,1.0078
2008-01-25,1.0056
2008-01-28,1.0051
2008-01-29,0.9977
2008-01-30,0.9948
2008-01-31,1.0052
2008-02-01,0.9934
2008-02-04,0.9938
2008-02-05,1.0053
2008-02-06,1.0036
2008-02-07,1.0109
2008-02-08,0.9967
2008-02-11,1.0012
2008-02-12,0.9957
2008-02-13,1.0
2008-02-14,0.9952
2008-02-15,1.0014
2008-02-18,1.007
2008-02-19,1.0141
2008-02-20,1.0195
2008-02-21,1.0074
2008-02-22,1.0133
2008-02-25,0.9976
2008-02-26,0.986
2008-02-27,0.979
2008-02-28,0.9713
2008-02-29,0.9799
2008-03-03,0.989
2008-03-04,0.9942
2008-03-05,0.9879
2008-03-06,0.9843
2008-03-07,0.9884
2008-03-10,0.9928
2008-03-11,0.9929
2008-03-12,0.9912
2008-03-13,0.9821
2008-03-14,0.99
2008-03-17,0.9952
2008-03-18,0.9963
2008-03-19,1.0059
2008-03-20,1.0243
2008-03-21,1.0248
2008-03-24,1.0206
2008-03-25,1.0174
2008-03-26,1.0162
2008-03-27,1.0163
2008-03-28,1.0174
2008-03-31,1.0259
2008-04-02,1.0173
2008-04-03,1.0082
2008-04-04,1.0096
2008-04-07,1.0107
2008-04-08,1.0144
2008-04-09,1.0202
2008-04-10,1.0175
2008-04-11,1.0217
2008-04-14,1.0195
2008-04-15,1.0182
2008-04-16,1.0046
2008-04-17,1.0121
2008-04-18,1.0097
2008-04-21,1.0065
2008-04-22,1.0047
2008-04-23,1.0192
2008-04-24,1.0168
2008-04-25,1.0136
2008-04-28,1.0169
2008-04-29,1.0131
2008-04-30,1.009
2008-05-01,1.0201
2008-05-02,1.0165
2008-05-05,1.0128
2008-05-06,1.0035
2008-05-07,1.0027
2008-05-08,1.0132
2008-05-09,1.0055
2008-05-12,1.0056
2008-05-13,1.0029
2008-05-14,1.0027
2008-05-15,0.9996
2008-05-16,0.9961
2008-05-19,0.999
2008-05-20,0.9912
2008-05-21,0.9837
2008-05-22,0.9857
2008-05-23,0.9881
2008-05-27,0.9924
2008-05-28,0.9925
2008-05-29,0.9847
2008-05-30,0.9938
2008-06-02,1.0013
2008-06-03,1.0063
2008-06-04,1.0138
2008-06-05,1.0206
2008-06-06,1.0183
2008-06-09,1.0236
2008-06-10,1.0243
2008-06-11,1.0157
2008-06-12,1.0228
2008-06-13,1.0273
2008-06-16,1.0206
2008-06-17,1.0195
2008-06-18,1.0183
2008-06-19,1.0126
2008-06-20,1.0182
2008-06-23,1.0167
2008-06-24,1.0143
2008-06-25,1.0113
2008-06-26,1.0099
2008-06-27,1.0111
2008-06-30,1.0188
2008-07-01,1.0232
2008-07-02,1.0127
2008-07-03,1.0206
2008-07-08,1.0215
2008-07-09,1.0111
2008-07-10,1.0086
2008-07-11,1.0098
2008-07-14,1.0063
2008-07-15,1.0007
2008-07-16,1.0033
2008-07-17,1.0037
2008-07-18,1.0065
2008-07-21,1.0021
2008-07-22,1.0085
2008-07-23,1.0086
2008-07-24,1.0112
2008-07-25,1.016
2008-07-28,1.0221
2008-07-29,1.0268
2008-07-30,1.024
2008-07-31,1.0247
2008-08-01,1.0239
2008-08-04,1.0353
2008-08-05,1.0434
2008-08-06,1.0473
2008-08-07,1.05
2008-08-08,1.0683
2008-08-11,1.0667
2008-08-12,1.0655
2008-08-13,1.0665
2008-08-14,1.0632
2008-08-15,1.0641
2008-08-18,1.0608
2008-08-19,1.0624
2008-08-21,1.0456
2008-08-22,1.046
2008-08-25,1.0474
2008-08-26,1.0456
2008-08-27,1.0466
2008-08-28,1.0508
2008-08-29,1.0611
2008-09-02,1.07
2008-09-03,1.0618
2008-09-04,1.0634
2008-09-05,1.0653
2008-09-08,1.0696
2008-09-09,1.0676
2008-09-10,1.0707
2008-09-11,1.08
2008-09-12,1.0616
2008-09-15,1.0673
2008-09-16,1.0732
2008-09-17,1.0761
2008-09-18,1.0711
2008-09-19,1.0472
2008-09-22,1.0365
2008-09-23,1.0349
2008-09-24,1.0345
2008-09-25,1.0338
2008-09-26,1.0345
2008-09-29,1.0394
2008-09-30,1.0617
2008-10-01,1.0626
2008-10-02,1.0772
2008-10-03,1.0801
2008-10-06,1.1045
2008-10-07,1.1066
2008-10-08,1.1187
2008-10-09,1.453
2008-10-10,1.1852
2008-10-14,1.1598
2008-10-15,1.1797
2008-10-16,1.194
2008-10-17,1.1811
2008-10-20,1.195
2008-10-21,1.2193
2008-10-22,1.2492
2008-10-23,1.2582
2008-10-24,1.2723
2008-10-27,1.2919
2008-10-28,1.2902
2008-10-29,1.2361
2008-10-30,1.2217
2008-10-31,1.2091
2008-11-03,1.1861
2008-11-04,1.1535
2008-11-05,1.1585
2008-11-06,1.1828
2008-11-07,1.1853
2008-11-10,1.1873
2008-11-11,1.2045
2008-11-12,1.2295
2008-11-13,1.2327
2008-11-14,1.2249
2008-11-17,1.2236
2008-11-18,1.2253
2008-11-19,1.2389
2008-11-20,1.285
2008-11-21,1.285
2008-11-24,1.2355
2008-11-25,1.2215
2008-11-26,1.2364
2008-12-01,1.2365
2008-12-02,1.2455
2008-12-03,1.2581
2008-12-04,1.2618
2008-12-05,1.2985
2008-12-08,1.2564
2008-12-09,1.2593
2008-12-10,1.257
2008-12-11,1.2219
2008-12-12,1.24
2008-12-15,1.2352
2008-12-16,1.2224
2008-12-17,1.2028
2008-12-18,1.1966
2008-12-19,1.2232
2008-12-22,1.2185
2008-12-23,1.2161
2008-12-24,1.2149
2008-12-31,1.2281
2009-01-02,1.2119
2009-01-05,1.1912
2009-01-06,1.182
2009-01-07,1.1877
2009-01-08,1.1866
2009-01-09,1.1915
2009-01-12,1.2078
2009-01-13,1.2247
2009-01-14,1.2376
2009-01-15,1.2636
2009-01-16,1.247
2009-01-19,1.2529
2009-01-20,1.2603
2009-01-21,1.2746
2009-01-22,1.2621
2009-01-23,1.2425
2009-01-26,1.2245
2009-01-27,1.2317
2009-01-28,1.2078
2009-01-29,1.2177
2009-01-30,1.2376
2009-02-02,1.2391
2009-02-03,1.234
2009-02-04,1.2257
2009-02-05,1.224
2009-02-06,1.2387
2009-02-09,1.219
2009-02-10,1.2337
2009-02-11,1.2435
2009-02-12,1.2468
2009-02-13,1.242
2009-02-16,1.2441
2009-02-17,1.2617
2009-02-18,1.2596
2009-02-19,1.2574
2009-02-20,1.2588
2009-02-23,1.2501
2009-02-24,1.2451
2009-02-25,1.2572
2009-02-26,1.242
2009-02-27,1.2665
2009-03-02,1.2875
2009-03-03,1.296
2009-03-04,1.2746
2009-03-05,1.2885
2009-03-06,1.2842
2009-03-09,1.297
2009-03-10,1.2776
2009-03-11,1.284
2009-03-12,1.2886
2009-03-13,1.2751
2009-03-16,1.2731
2009-03-17,1.2714
2009-03-18,1.2685
2009-03-19,1.2339
2009-03-20,1.2377
2009-03-23,1.2307
2009-03-24,1.2242
2009-03-25,1.2265
2009-03-26,1.2292
2009-03-27,1.2422
2009-03-30,1.2563
2009-03-31,1.2555
2009-04-01,1.2645
2009-04-02,1.2357
2009-04-03,1.231
2009-04-06,1.2423
2009-04-07,1.2356
2009-04-08,1.2362
2009-04-09,1.2251
2009-04-10,1.2266
2009-04-13,1.2234
2009-04-14,1.2065
2009-04-15,1.2053
2009-04-16,1.2065
2009-04-17,1.2151
2009-04-20,1.234
2009-04-21,1.2391
2009-04-22,1.2357
2009-04-23,1.2284
2009-04-24,1.21
2009-04-27,1.2129
2009-04-28,1.2226
2009-04-29,1.2
2009-04-30,1.1947
2009-05-01,1.1859
2009-05-04,1.1785
2009-05-05,1.1772
2009-05-06,1.1739
2009-05-07,1.1729
2009-05-08,1.1576
2009-05-11,1.1591
2009-05-12,1.165
2009-05-13,1.1692
2009-05-14,1.1737
2009-05-15,1.17
2009-05-18,1.1633
2009-05-19,1.1561
2009-05-20,1.142
2009-05-21,1.1435
2009-05-22,1.1214
2009-05-26,1.1231
2009-05-27,1.11111
2009-05-28,1.1144
2009-05-29,1.0962
2009-06-01,1.0865
2009-06-02,1.0817
2009-06-03,1.0967
2009-06-04,1.1013
2009-06-05,1.1141
2009-06-08,1.1237
2009-06-09,1.103
2009-06-10,1.1076
2009-06-11,1.0966
2009-06-12,1.1181
2009-06-15,1.136
2009-06-16,1.1337
2009-06-17,1.1346
2009-06-18,1.1279
2009-06-19,1.1314
2009-06-22,1.154
2009-06-23,1.1558
2009-06-24,1.1456
2009-06-25,1.1581
2009-06-26,1.1499
2009-06-29,1.1573
2009-06-30,1.16
2009-07-01,1.1478
2009-07-02,1.1617
2009-07-06,1.1628
2009-07-07,1.1626
2009-07-08,1.164
2009-07-09,1.1613
2009-07-10,1.1622
2009-07-13,1.1544
2009-07-14,1.1363
2009-07-15,1.12
2009-07-16,1.1174
2009-07-17,1.1155
2009-07-20,1.1079
2009-07-21,1.1094
2009-07-22,1.0971
2009-07-23,1.0843
2009-07-24,1.0841
2009-07-27,1.0821
2009-07-28,1.0894
2009-07-29,1.0912
2009-07-30,1.0853
2009-07-31,1.0794
2009-08-03,1.0671
2009-08-04,1.0678
2009-08-05,1.0719
2009-08-06,1.076
2009-08-07,1.0826
2009-08-10,1.0847
2009-08-11,1.1011
2009-08-12,1.085
2009-08-13,1.0866
2009-08-14,1.0969
2009-08-17,1.1088
2009-08-19,1.095
2009-08-20,1.0876
2009-08-21,1.0817
2009-08-24,1.0734
2009-08-25,1.0784
2009-08-26,1.0991
2009-08-27,1.0968
2009-08-28,1.0914
2009-08-31,1.0949
2009-09-01,1.1019
2009-09-02,1.1042
2009-09-03,1.1031
2009-09-04,1.083
2009-09-08,1.0765
2009-09-09,1.0775
2009-09-10,1.08
2009-09-11,1.0772
2009-09-14,1.0858
2009-09-15,1.0723
2009-09-16,1.0663
2009-09-17,1.063
2009-09-18,1.0718
2009-09-21,1.078
2009-09-22,1.0695
2009-09-23,1.0714
2009-09-24,1.0885
2009-09-25,1.0917
2009-09-28,1.0835
2009-09-29,1.0846
2009-09-30,1.0687
2009-10-01,1.0664
2009-10-02,1.0849
2009-10-05,1.0714
2009-10-06,1.0585
2009-10-07,1.0617
2009-10-08,1.0531
2009-10-09,1.0423
2009-10-12,1.0338
2009-10-13,1.0309
2009-10-14,1.0268
2009-10-15,1.0294
2009-10-16,1.038
2009-10-19,1.029
2009-10-20,1.0492
2009-10-21,1.0386
2009-10-22,1.0481
2009-10-23,1.0507
2009-10-26,1.0668
2009-10-27,1.0641
2009-10-28,1.0791
2009-10-29,1.0693
2009-10-30,1.0779
2009-11-02,1.0804
2009-11-03,1.0675
2009-11-04,1.0637
2009-11-05,1.0648
2009-11-06,1.0716
2009-11-09,1.056
2009-11-10,1.0524
2009-11-11,1.046
2009-11-12,1.0515
2009-11-13,1.049
2009-11-16,1.0485
2009-11-17,1.0505
2009-11-18,1.0547
2009-11-19,1.0642
2009-11-20,1.0724
2009-11-23,1.0556
2009-11-24,1.0595
2009-11-25,1.049
2009-11-30,1.0558
2009-12-01,1.0466
2009-12-02,1.0505
2009-12-03,1.0527
2009-12-04,1.0482
2009-12-07,1.0515
2009-12-08,1.0602
2009-12-09,1.0563
2009-12-10,1.0522
2009-12-11,1.0598
2009-12-14,1.0586
2009-12-15,1.0618
2009-12-16,1.0595
2009-12-17,1.0714
2009-12-18,1.0666
2009-12-21,1.0605
2009-12-22,1.0575
2009-12-23,1.0479
2009-12-24,1.0493
2009-12-28,1.0422
2009-12-29,1.0414
2009-12-30,1.0546
2009-12-31,1.0461
2010-01-04,1.0378
2010-01-05,1.0381
2010-01-06,1.0328
2010-01-07,1.0339
2010-01-08,1.0358
2010-01-11,1.0329
2010-01-12,1.0359
2010-01-13,1.0339
2010-01-14,1.0256
2010-01-15,1.0281
2010-01-18,1.0253
2010-01-19,1.0328
2010-01-20,1.0465
2010-01-21,1.0478
2010-01-22,1.055
2010-01-25,1.0582
2010-01-26,1.0607
2010-01-27,1.0669
2010-01-28,1.0635
2010-01-29,1.0659
2010-02-01,1.0628
2010-02-02,1.0587
2010-02-03,1.0612
2010-02-04,1.0726
2010-02-05,1.0722
2010-02-08,1.07
2010-02-09,1.067
2010-02-10,1.067
2010-02-11,1.0521
2010-02-12,1.0513
2010-02-15,1.0477
2010-02-16,1.0416
2010-02-17,1.0457
2010-02-18,1.0426
2010-02-19,1.0417
2010-02-22,1.0417
2010-02-23,1.0515
2010-02-24,1.054
2010-02-25,1.0642
2010-02-26,1.0535
2010-03-01,1.042
2010-03-02,1.0346
2010-03-03,1.0307
2010-03-04,1.0312
2010-03-05,1.027
2010-03-08,1.0287
2010-03-09,1.0263
2010-03-10,1.0242
2010-03-11,1.0275
2010-03-12,1.0177
2010-03-15,1.0212
2010-03-16,1.0141
2010-03-17,1.009
2010-03-18,1.0124
2010-03-19,1.0151
2010-03-22,1.0199
2010-03-23,1.0165
2010-03-24,1.025
2010-03-25,1.0238
2010-03-26,1.0285
2010-03-29,1.0205
2010-03-30,1.0192
2010-03-31,1.0147
2010-04-01,1.0085
2010-04-02,1.0111
2010-04-05,1.003
2010-04-06,1.0008
2010-04-07,1.002
2010-04-08,1.0078
2010-04-09,1.0046
2010-04-12,1.0019
2010-04-13,1.0029
2010-04-14,0.9969
2010-04-15,1.0002
2010-04-16,1.0149
2010-04-19,1.0196
2010-04-20,0.9972
2010-04-21,0.999
2010-04-22,1.0001
2010-04-23,1.0029
2010-04-26,1.0005
2010-04-27,1.0166
2010-04-28,1.0118
2010-04-29,1.0046
2010-04-30,1.0174
2010-05-03,1.0117
2010-05-04,1.0229
2010-05-05,1.0283
2010-05-06,1.0426
2010-05-07,1.0419
2010-05-10,1.0265
2010-05-11,1.0208
2010-05-12,1.0201
2010-05-13,1.0141
2010-05-14,1.0355
2010-05-17,1.0361
2010-05-18,1.032
2010-05-19,1.049
2010-05-20,1.0664
2010-05-21,1.0553
2010-05-24,1.0573
2010-05-25,1.077
2010-05-26,1.0662
2010-05-27,1.0504
2010-05-28,1.0515
2010-06-01,1.0499
2010-06-02,1.0386
2010-06-03,1.0406
2010-06-04,1.0488
2010-06-07,1.0555
2010-06-08,1.0538
2010-06-09,1.0394
2010-06-10,1.0309
2010-06-11,1.0373
2010-06-14,1.0258
2010-06-15,1.0289
2010-06-16,1.0241
2010-06-17,1.0259
2010-06-18,1.0242
2010-06-21,1.0205
2010-06-22,1.0197
2010-06-23,1.0416
2010-06-24,1.0452
2010-06-25,1.0359
2010-06-28,1.0332
2010-06-29,1.0518
2010-06-30,1.0605
2010-07-01,1.0618
2010-07-02,1.0652
2010-07-06,1.0537
2010-07-07,1.0513
2010-07-08,1.0433
2010-07-09,1.0323
2010-07-12,1.0374
2010-07-13,1.0296
2010-07-14,1.031
2010-07-15,1.0413
2010-07-16,1.0536
2010-07-19,1.0547
2010-07-20,1.0476
2010-07-21,1.0423
2010-07-22,1.0388
2010-07-23,1.0372
2010-07-26,1.031
2010-07-27,1.0362
2010-07-28,1.0373
2010-07-29,1.0369
2010-07-30,1.0283
2010-08-02,1.0235
2010-08-03,1.0238
2010-08-04,1.0175
2010-08-05,1.014
2010-08-06,1.0283
2010-08-09,1.0265
2010-08-10,1.0349
2010-08-11,1.0447
2010-08-12,1.0426
2010-08-13,1.039
2010-08-16,1.0433
2010-08-19,1.0402
2010-08-20,1.0498
2010-08-23,1.051
2010-08-24,1.0567
2010-08-25,1.0638
2010-08-26,1.0543
2010-08-27,1.0561
2010-08-30,1.0576
2010-08-31,1.0651
2010-09-01,1.0504
2010-09-02,1.0515
2010-09-03,1.0401
2010-09-07,1.0449
2010-09-08,1.0365
2010-09-09,1.0342
2010-09-10,1.0657
2010-09-13,1.0275
2010-09-14,1.0276
2010-09-15,1.0277
2010-09-16,1.0274
2010-09-17,1.0303
2010-09-20,1.0283
2010-09-21,1.03
2010-09-22,1.032
2010-09-23,1.0306
2010-09-24,1.0261
2010-09-27,1.0258
2010-09-28,1.0299
2010-09-29,1.0296
2010-09-30,1.0296
2010-10-01,1.023
2010-10-04,1.0225
2010-10-05,1.0172
2010-10-06,1.0076
2010-10-07,1.0161
2010-10-08,1.0134
2010-10-11,1.0136
2010-10-12,1.0117
2010-10-13,1.0022
2010-10-14,1.0064
2010-10-15,1.0098
2010-10-18,1.0143
2010-10-19,1.0307
2010-10-20,1.0235
2010-10-21,1.0264
2010-10-22,1.0264
2010-10-25,1.0204
2010-10-26,1.024
2010-10-27,1.0305
2010-10-28,1.0194
2010-10-29,1.0198
2010-11-01,1.0144
2010-11-02,1.0088
2010-11-03,1.0106
2010-11-04,1.0016
2010-11-05,0.9996
2010-11-08,1.0018
2010-11-09,1.0032
2010-11-10,1.0006
2010-11-11,1.0048
2010-11-12,1.0108
2010-11-15,1.0071
2010-11-16,1.0244
2010-11-17,1.0226
2010-11-18,1.0211
2010-11-19,1.0183
2010-11-22,1.0193
2010-11-23,1.0235
2010-11-24,1.0103
2010-11-29,1.0204
2010-11-30,1.0269
2010-12-01,1.0154
2010-12-02,1.0029
2010-12-03,1.0038
2010-12-06,1.0038
2010-12-07,1.0078
2010-12-08,1.0115
2010-12-09,1.0091
2010-12-10,1.0088
2010-12-13,1.0067
2010-12-14,1.0041
2010-12-15,1.0021
2010-12-16,1.0067
2010-12-17,1.0108
2010-12-20,1.0173
2010-12-21,1.0179
2010-12-22,1.0134
2010-12-23,1.0091
2010-12-27,1.0083
2010-12-28,1.0005
2010-12-29,0.9997
2010-12-30,0.9997
2011-01-03,0.9901
2011-01-04,1.0027
2011-01-05,0.9959
2011-01-06,0.9983
2011-01-07,0.9935
2011-01-10,0.992
2011-01-11,0.99
2011-01-12,0.9868
2011-01-13,0.988
2011-01-14,0.989
2011-01-17,0.987
2011-01-18,0.9923
2011-01-19,0.9941
2011-01-20,0.9981
2011-01-21,0.9924
2011-01-24,0.9937
2011-01-25,0.998
2011-01-26,0.9955
2011-01-27,0.9941
2011-01-28,0.9978
2011-01-31,1.0015
2011-02-01,0.9917
2011-02-02,0.9892
2011-02-03,0.9902
2011-02-04,0.9895
2011-02-07,0.9866
2011-02-08,0.9907
2011-02-09,0.9942
2011-02-10,0.9956
2011-02-11,0.9896
2011-02-14,0.9881
2011-02-15,0.9885
2011-02-16,0.9861
2011-02-17,0.9844
2011-02-18,0.9837
2011-02-21,0.9833
2011-02-22,0.9905
2011-02-23,0.9928
2011-02-24,0.9838
2011-02-25,0.9808
2011-02-28,0.9727
2011-03-01,0.9744
2011-03-02,0.9734
2011-03-03,0.9736
2011-03-04,0.972
2001-03-07,0.9734
2011-03-08,0.9709
2011-03-09,0.9683
2011-03-10,0.9738
2011-03-11,0.9735
2011-03-14,0.9756
2011-03-15,0.9833
2011-03-16,0.99
2011-03-17,0.9867
2011-03-18,0.9841
2011-03-21,0.977
2011-03-22,0.9792
2011-03-23,0.9822
2011-03-24,0.9769
2011-03-25,0.9817
2011-03-28,0.9752
2011-03-29,0.9752
2011-03-30,0.9714
2011-03-31,0.9701
2011-04-01,0.964
2011-04-04,0.9671
2011-04-05,0.9632
2011-04-06,0.9586
2011-04-07,0.959
2011-04-08,0.9566
2011-04-11,0.9551
2011-04-12,0.962
2011-04-13,0.9633
2011-04-14,0.961
2011-04-15,0.9616
2011-04-18,0.9714
2011-04-19,0.9565
2011-04-20,0.9539
2011-04-21,0.9518
2011-04-22,0.9535
2011-04-25,0.9549
2011-04-26,0.9501
2011-04-27,0.9556
2011-04-28,0.9487
2011-04-29,0.9502
2011-05-02,0.9491
2011-05-03,0.948
2011-05-04,0.9573
2011-05-05,0.9671
2011-05-06,0.9598
2011-05-09,0.9668
2011-05-10,0.9609
2011-05-11,0.9563
2011-05-12,0.9634
2011-05-13,0.969
2011-05-16,0.9699
2011-05-17,0.9776
2011-05-18,0.9727
2011-05-19,0.9691
2011-05-20,0.9728
2011-05-23,0.9798
2011-05-24,0.9776
2011-05-25,0.9761
2011-05-26,0.9808
2011-05-27,0.9762
2011-05-31,0.9685
2011-06-01,0.9722
2011-06-02,0.9791
2011-06-03,0.9781
2011-06-06,0.9784
2011-06-07,0.9748
2011-06-08,0.9794
2011-06-09,0.9754
2011-06-10,0.977
2011-06-13,0.9781
2011-06-14,0.968
2011-06-15,0.9727
2011-06-16,0.9842
2011-06-17,0.9813
2011-06-20,0.9786
2011-06-21,0.9721
2011-06-22,0.9717
2011-06-23,0.9814
2011-06-24,0.9837
2011-06-27,0.9866
2011-06-28,0.9824
2011-06-29,0.9705
2011-06-30,0.9642
2011-07-01,0.9605
2011-07-05,0.9605
2011-07-06,0.9657
2011-07-07,0.9589
2011-07-08,0.9617
2011-07-11,0.9672
2011-07-12,0.9661
2011-07-13,0.9585
2011-07-14,0.9601
2011-07-15,0.9545
2011-07-18,0.9613
2011-07-19,0.9506
2011-07-20,0.9473
2011-07-21,0.9437
2011-07-22,0.9519
2011-07-25,0.9446
2011-07-26,0.9435
2011-07-27,0.9486
2011-07-28,0.9498
2011-07-29,0.9555
2011-08-01,0.9593
2011-08-02,0.9585
2011-08-03,0.9636
2011-08-04,0.9766
2011-08-05,0.9848
2011-08-08,0.9895
2011-08-09,0.9914
2011-08-10,0.9934
2011-08-11,0.9906
2011-08-12,0.9879
2011-08-15,0.9842
2011-08-16,0.9831
2011-08-17,0.9808
2011-08-18,0.9898
2011-08-19,0.9853
2011-08-22,0.9892
2011-08-23,0.9881
2011-08-24,0.9877
2011-08-25,0.9863
2011-08-26,0.9905
2011-08-29,0.976
2011-08-30,0.9803
2011-08-31,0.977
2011-09-01,0.9761
2011-09-02,0.9817
2011-09-06,0.9909
2011-09-07,0.9885
2011-09-08,0.9864
2011-09-09,0.996
2011-09-12,0.9952
2011-09-13,0.9891
2011-09-14,0.9931
2011-09-15,0.9839
2011-09-16,0.9808
2011-09-19,0.9913
2011-09-20,0.9921
2011-09-21,0.9977
2011-09-22,1.0304
2011-09-23,1.0309
2011-09-26,1.0338
2011-09-27,1.0194
2011-09-28,1.0235
2011-09-29,1.0333
2011-09-30,1.0425
2011-10-03,1.0506
2011-10-04,1.0603
2011-10-05,1.0473
2011-10-06,1.0412
2011-10-07,1.0377
2011-10-10,1.0265
2011-10-11,1.0295
2011-10-12,1.0159
2011-10-13,1.0233
2011-10-14,1.0138
2011-10-17,1.0171
2011-10-18,1.0166
2011-10-19,1.0114
2011-10-20,1.0222
2011-10-21,1.0111
2011-10-24,1.0043
2011-10-25,1.0138
2011-10-26,1.011
2011-10-27,0.9913
2011-10-28,0.9924
2011-10-31,0.9968
2011-11-01,1.0167
2011-11-02,1.012
2011-11-03,1.0087
2011-11-04,1.0164
2011-11-07,1.0142
2011-11-08,1.0123
2011-11-09,1.0182
2011-11-10,1.0189
2011-11-11,1.012
2011-11-14,1.0163
2011-11-15,1.0208
2011-11-16,1.021
2011-11-17,1.0268
2011-11-18,1.0258
2011-11-21,1.0379
2011-11-22,1.0374
2011-11-23,1.0447
2011-11-28,1.0359
2011-11-29,1.0287
2011-11-30,1.0183
2011-12-01,1.0141
2011-12-02,1.0173
2011-12-05,1.0139
2011-12-06,1.0117
2011-12-07,1.0097
2011-12-08,1.0193
2011-12-09,1.0191
2011-12-12,1.0265
2011-12-13,1.029
2011-12-14,1.0397
2011-12-15,1.0346
2011-12-16,1.0386
2011-12-19,1.0363
2011-12-20,1.0288
2011-12-21,1.0268
2011-12-22,1.0213
2011-12-23,1.0195
2011-12-27,1.0196
2011-12-28,1.0236
2011-12-29,1.0214
2011-12-30,1.0166
2012-01-03,1.0097
2012-01-04,1.013
2012-01-05,1.021
2012-01-06,1.0231
2012-01-09,1.0272
2012-01-10,1.016
2012-01-11,1.0202
2012-01-12,1.0187
2012-01-13,1.0243
2012-01-16,1.17
2012-01-17,1.0144
2012-01-18,1.0132
2012-01-19,1.0103
2012-01-20,1.014
2012-01-23,1.0079
2012-01-24,1.0093
2012-01-25,1.0113
2012-01-27,1.0011
2012-01-30,1.0045
2012-01-31,1.0036
2012-02-01,0.997
2012-02-02,0.9994
2012-02-03,0.9944
2012-02-06,0.9962
2012-02-07,0.9949
2012-02-08,0.998
2012-02-09,0.994
2012-02-10,1.0012
2012-02-13,0.9988
2012-02-14,0.999
2012-02-15,0.9961
2012-02-16,0.996
2012-02-17,0.9966
2012-02-20,0.9928
2012-02-21,0.9948
2012-02-22,0.9992
2012-02-23,0.9992
2012-02-24,0.9996
2012-02-27,0.999
2012-02-28,0.9957
2012-02-29,0.9881
2012-03-01,0.9846
2012-03-02,0.9886
2012-03-05,0.9939
2012-03-06,1.002
2012-03-07,0.9991
2012-03-08,0.9922
2012-03-09,0.9878
2012-03-12,0.9938
2012-03-13,0.9895
2012-03-14,0.9911
2012-03-15,0.991
2012-03-16,0.9916
2012-03-19,0.989
2012-03-20,0.993
2012-03-21,0.9914
2012-03-22,1.0006
2012-03-23,0.9986
2012-03-26,0.9918
2012-03-27,0.9932
2012-03-28,0.9971
2012-03-29,0.9985
2012-03-30,0.9989
2012-04-02,0.9916
2012-04-03,0.9911
2012-04-04,0.9961
2012-04-05,0.9925
2012-04-06,0.9973
2012-04-09,0.9965
2012-04-10,1.0032
2012-04-11,1.0027
2012-04-12,0.9942
2012-04-13,0.9979
2012-04-16,1.002
2012-04-17,0.9885
2012-04-18,0.9905
2012-04-19,0.9938
2012-04-20,0.9908
2012-04-23,0.9962
2012-04-24,0.9885
2012-04-25,0.9844
2012-04-26,0.984
2012-04-27,0.9812
2012-04-30,0.9882
2012-05-01,0.9845
2012-05-02,0.9892
2012-05-03,0.9872
2012-05-04,0.9952
2012-05-07,0.9936
2012-05-08,1.001
2012-05-09,1.0053
2012-05-10,1.0014
2012-05-11,0.9956
2012-05-14,1.0019
2012-05-15,1.0027
2012-05-16,1.01
2012-05-17,1.0163
2012-05-18,1.0202
2012-05-21,1.0208
2012-05-22,1.0202
2012-05-23,1.0272
2012-05-24,1.0269
2012-05-25,1.0293
2012-05-29,1.0262
2012-05-30,1.0284
2012-05-31,1.0326
2012-06-01,1.038
2012-06-04,1.0432
2012-06-05,1.0407
2012-06-06,1.0302
2012-06-07,1.0236
2012-06-08,1.0309
2012-06-11,1.0291
2012-06-12,1.0278
2012-06-13,1.0264
2012-06-14,1.0253
2012-06-15,1.0235
2012-06-18,1.0255
2012-06-19,1.01777
2012-06-20,1.0194
2012-06-21,1.0256
2012-06-22,1.0258
2012-06-25,1.0313
2012-06-26,1.0248
2012-06-27,1.0257
2012-06-28,1.0331
2012-06-29,1.0175
2012-07-02,1.0191
2012-07-03,1.0125
2012-07-05,1.0128
2012-07-06,1.019
2012-07-09,1.02
2012-07-10,1.0198
2012-07-11,1.0191
2012-07-12,1.0211
2012-07-13,1.0151
2012-07-16,1.0169
2012-07-17,1.0133
2012-07-18,1.0115
2012-07-19,1.0071
2012-07-20,1.0122
2012-07-23,1.0172
2012-07-24,1.0219
2012-07-25,1.0155
2012-07-26,1.0097
2012-07-27,1.0062
2012-07-30,1.0029
2012-07-31,1.0018
2012-08-01,1.0012
2012-08-02,1.0056
2012-08-03,0.9989
2012-08-06,0.9995
2012-08-07,0.9966
2012-08-08,0.9944
2012-08-09,0.9922
2012-08-10,0.9913
2012-08-13,0.9923
2012-08-14,0.992
2012-08-16,0.9872
2012-08-17,0.9886
2012-08-20,0.9894
2012-08-21,0.9866
2012-08-22,0.9933
2012-08-23,0.9938
2012-08-24,0.9928
2012-08-27,0.9893
2012-08-28,0.9861
2012-08-29,0.9871
2012-08-30,0.9926
2012-08-31,0.9855
2012-09-04,0.9864
2012-09-05,0.99
2012-09-06,0.9824
2012-09-07,0.9779
2012-09-10,0.9764
2012-09-11,0.9722
2012-09-12,0.9752
2012-09-13,0.969
2012-09-14,0.9701
2012-09-17,0.9733
2012-09-18,0.9747
2012-09-19,0.9738
2012-09-20,0.9776
2012-09-21,0.9758
2012-09-24,0.9795
2012-09-25,0.9792
2012-09-26,0.9842
2012-09-27,0.9804
2012-09-28,0.983
2012-10-01,0.9831
2012-10-02,0.983
2012-10-03,0.9864
2012-10-04,0.98
2012-10-05,0.9777
2012-10-08,0.9755
2012-10-09,0.979
2012-10-10,0.9788
2012-10-11,0.9775
2012-10-12,0.9799
2012-10-15,0.9786
2012-10-16,0.9864
2012-10-17,0.9802
2012-10-18,0.9808
2012-10-19,0.9926
2012-10-22,0.9943
2012-10-23,0.9926
2012-10-24,0.991
2012-10-25,0.9935
2012-10-26,0.997
2012-10-29,0.9997
2012-10-30,0.9992
2012-10-31,0.9997
2012-11-01,0.997
2012-11-02,0.9958
2012-11-06,1.0064
2012-11-07,1.0028
2012-11-08,0.9986
2012-11-09,1.0006
2012-11-12,1.0006
2012-11-13,1.0016
2012-11-14,1.0018
2012-11-15,1.0025
2012-11-16,1.0028
2012-11-19,1.0028
2012-11-20,0.997
2012-11-21,0.998
2012-11-26,0.9949
2012-11-27,0.9936
2012-11-28,0.9929
2012-11-29,0.993
2012-11-30,0.9932
2012-12-03,0.9928
2012-12-04,0.9927
2012-12-05,0.9912
2012-12-06,0.991
2012-12-07,0.989
2012-12-08,0.9872
2012-12-11,0.9867
2012-12-12,0.9854
2012-12-13,0.9847
2012-12-14,0.986
2012-12-17,0.9841
2012-12-18,0.9854
2012-12-19,0.9868
2012-12-20,0.9883
2012-12-21,0.9942
2012-12-24,0.9913
2012-12-26,0.9913
2012-12-27,0.9949
2012-12-28,0.9952
2012-12-31,0.9949
2013-01-02,0.9859
2013-01-03,0.9853
2013-01-04,0.9856
2013-01-07,0.986
2013-01-08,0.9873
2013-01-09,0.9868
2013-01-10,0.986
2013-01-11,0.9841
2013-01-14,0.984
2013-01-15,0.9839
2013-01-16,0.985
2013-01-17,0.9853
2013-01-18,0.9937
2013-01-21,0.9933
2013-01-22,0.9934
2013-01-23,0.9986
2013-01-24,1.0026
2013-01-25,1.0078
2013-01-28,1.0069
2013-01-29,1.0029
2013-01-30,1.0033
2013-01-31,0.9992
2013-02-01,0.9987
2013-02-04,0.9977
2013-02-05,0.9972
2013-02-06,0.996
2013-02-07,0.9993
2013-02-08,1.002
2013-02-11,1.0065
2013-02-12,1.0029
2013-02-13,1.002
2013-02-14,1.0008
2013-02-15,1.007
2013-02-18,1.007
2013-02-19,1.0118
2013-02-20,1.0163
2013-02-21,1.0185
2013-02-22,1.0224
2013-02-25,1.0265
2013-02-26,1.028
2013-02-27,1.025
2013-02-28,1.0285
2013-03-01,1.0285
2013-03-04,1.0298
2013-03-05,1.029
2013-03-06,1.0314
2013-03-07,1.0302
2013-03-08,1.0273
2013-03-11,1.0268
2013-03-12,1.0254
2013-03-13,1.0273
2013-03-14,1.0261
2013-03-15,1.0193
2013-03-18,1.0217
2013-03-19,1.0274
2013-03-20,1.0268
2013-03-21,1.0241
2013-03-22,1.0225
2013-03-25,1.0218
2013-03-26,1.0166
2013-03-27,1.017
2013-03-28,1.0156
2013-03-29,1.0156
2013-04-01,1.0167
2013-04-02,1.0148
2013-04-03,1.0134
2013-04-04,1.0139
2013-04-05,1.0191
2013-04-08,1.0198
2013-04-09,1.0162
2013-04-10,1.015
2013-04-11,1.0107
2013-04-12,1.0134
2013-04-15,1.0206
2013-04-16,1.023
2013-04-17,1.0262
2013-04-18,1.0255
2013-04-19,1.0264
2013-04-22,1.0263
2013-04-23,1.0259
2013-04-24,1.027
2013-04-25,1.0194
2013-04-26,1.017
2013-04-29,1.0138
2013-04-30,1.0072
2013-05-01,1.0084
2013-05-02,1.0083
2013-05-03,1.0079
2013-05-06,1.0075
2013-05-07,1.0052
2013-05-08,1.0023
2013-05-09,1.0027
2013-05-10,1.0124
2013-05-13,1.0108
2013-05-14,1.0148
2013-05-15,1.0173
2013-05-16,1.0163
2013-05-17,1.0269
2013-05-20,1.0269
2013-05-21,1.0277
2013-05-22,1.0333
2013-05-23,1.031
2013-05-24,1.0323
2013-05-28,1.0371
2013-05-29,1.037
2013-05-30,1.0309
2013-05-31,1.0339
2013-06-03,1.0291
2013-06-04,1.0348
2013-06-05,1.0345
2013-06-06,1.0238
2013-06-07,1.021
2013-06-10,1.0187
2013-06-11,1.019
2013-06-12,1.0202
2013-06-13,1.02
2013-06-14,1.02
2013-06-17,1.0176
2013-06-18,1.0209
2013-06-19,1.0187
2013-06-20,1.0387
2013-06-21,1.047
2013-06-24,1.0532
2013-06-25,1.0513
2013-06-26,1.0469
2013-06-27,1.048
2013-06-28,1.0512
2013-07-01,1.0512
2013-07-02,1.053
2013-07-03,1.0523
2013-07-08,1.0576
2013-07-09,1.053
2013-07-10,1.0511
2013-07-11,1.0389
2013-07-12,1.0392
2013-07-15,1.0413
2013-07-16,1.0388
2013-07-17,1.0425
2013-07-18,1.0396
2013-07-19,1.0363
2013-07-22,1.0337
2013-07-23,1.0304
2013-07-24,1.0298
2013-07-25,1.0283
2013-07-26,1.0291
2013-07-29,1.0261
2013-07-30,1.0293
2013-07-31,1.0287
2013-08-01,1.0338
2013-08-02,1.0382
2013-08-05,1.0382
2013-08-06,1.0379
2013-08-07,1.0416
2013-08-08,1.0348
2013-08-09,1.0303
2013-08-15,1.034
2013-08-16,1.0345
2013-08-19,1.0334
2013-08-20,1.0376
2013-08-21,1.0443
2013-08-22,1.0512
2013-08-23,1.0515
2013-08-27,1.0503
2013-08-28,1.049
2013-08-29,1.0526
2013-08-30,1.0553
2013-09-03,1.0533
2013-09-04,1.0482
2013-09-05,1.05
2013-09-06,1.039
2013-09-09,1.0366
2013-09-10,1.0357
2013-09-11,1.0337
2013-09-12,1.032
2013-09-13,1.0341
2013-09-16,1.0316
2013-09-17,1.0291
2013-09-18,1.0312
2013-09-19,1.0237
2013-09-20,1.0287
2013-09-23,1.0283
2013-09-24,1.0295
2013-09-25,1.0295
2013-09-26,1.0321
2013-09-27,1.03
2013-09-30,1.0285
2013-10-01,1.0333
2013-10-02,1.0332
2013-10-03,1.0323
2013-10-04,1.0306
2013-10-07,1.0306
2013-10-08,1.0331
2013-10-09,1.0397
2013-10-10,1.0383
2013-10-11,1.0385
2013-10-14,1.0385
2013-10-15,1.0371
2013-10-16,1.0345
2013-10-17,1.0285
2013-10-18,1.0287
2013-10-21,1.0297
2013-10-22,1.0284
2013-10-23,1.0385
2013-10-24,1.0422
2013-10-25,1.045
2013-10-28,1.0445
2013-10-29,1.0445
2013-10-30,1.0456
2013-10-31,1.0429
2013-11-01,1.0443
2013-11-04,1.0415
2013-11-05,1.0448
2013-11-06,1.0419
2013-11-07,1.0442
2013-11-08,1.0487
2013-11-11,1.0487
2013-11-12,1.0502
2013-11-13,1.0468
2013-11-14,1.0497
2013-11-15,1.0458
2013-11-18,1.0427
2013-11-19,1.0466
2013-11-20,1.0445
2013-11-21,1.0506
2013-11-22,1.0535
2013-11-25,1.0554
2013-11-26,1.0547
2013-11-27,1.0595
2013-12-02,1.0634
2013-12-03,1.0662
2013-12-04,1.0696
2013-12-05,1.0638
2013-12-06,1.0663
2013-12-09,1.0641
2013-12-10,1.0623
2013-12-11,1.0607
2013-12-12,1.0641
2013-12-13,1.0595
2013-12-16,1.0577
2013-12-17,1.061
2013-12-18,1.0645
2013-12-19,1.0676
2013-12-20,1.068
2013-12-23,1.0603
2013-12-24,1.0619
2013-12-30,1.064
2013-12-31,1.0636
2014-01-02,1.0633
2014-01-03,1.0614
2014-01-06,1.0659
2014-01-07,1.0742
2014-01-08,1.0804
2014-01-09,1.0851
2014-01-10,1.0917
2014-01-13,1.0869
2014-01-14,1.0934
2014-01-15,1.0933
2014-01-16,1.0926
2014-01-17,1.0961
2014-01-20,1.0962
2014-01-21,1.0972
2014-01-22,1.1069
2014-01-23,1.113
2014-01-24,1.1062
2014-01-27,1.1098
2014-01-28,1.1148
2014-01-29,1.1148
2014-01-30,1.1171
2014-01-31,1.1119
2014-02-03,1.1076
2014-02-04,1.1055
2014-02-05,1.1101
2014-02-06,1.1066
2014-02-07,1.1018
2014-02-10,1.1048
2014-02-11,1.1025
2014-02-12,1.0993
2014-02-13,1.098
2014-02-14,1.0981
2014-02-17,1.0981
2014-02-18,1.0953
2014-02-19,1.1045
2014-02-20,1.1104
2014-02-21,1.1128
2014-02-24,1.1058
2014-02-25,1.1084
2014-02-26,1.1117
2014-02-27,1.114
2014-02-28,1.1075
2014-03-03,1.1092
2014-03-04,1.1114
2014-03-05,0.9049
2014-03-06,1.0966
2014-03-07,1.1089
2014-03-10,1.1105
2014-03-11,1.1085
2014-03-12,1.1132
2014-03-13,1.1057
2014-03-14,1.1087
2014-03-17,1.1052
2014-03-18,1.1086
2014-03-19,1.1179
2014-03-20,1.1251
2014-03-21,1.1194
2014-03-24,1.1217
2014-03-25,1.1176
2014-03-26,1.1143
2014-03-27,1.1057
2014-03-28,1.1064
2014-03-31,1.1053
2014-04-01,1.1027
2014-04-02,1.1031
2014-04-03,1.1035
2014-04-04,1.0978
2014-04-07,1.0971
2014-04-08,1.0922
2014-04-09,1.0903
2014-04-10,1.0912
2014-04-11,1.096
2014-04-14,1.097
2014-04-15,1.0981
2014-04-16,1.1028
2014-04-17,1.0998
2014-04-18,1.0998
2014-04-21,1.0998
2014-04-22,1.1026
2014-04-23,1.1032
2014-04-24,1.1027
2014-04-25,1.1042
2014-04-28,1.1033
2014-04-29,1.0963
2014-04-03,1.0957
2014-05-01,1.0965
2014-05-02,1.0973
2014-05-05,1.0955
2014-05-06,1.089
2014-05-07,1.0896
2014-05-08,1.0858
2014-05-09,1.09
2014-05-12,1.0887
2014-05-13,1.0892
2014-05-14,1.0887
2014-05-15,1.0887
2014-05-16,1.0882
2014-05-19,1.0882
2014-05-20,1.0901
2014-05-21,1.0933
2014-05-22,1.0898
2014-05-23,1.087
2014-05-27,1.0869
2014-05-28,1.0867
2014-05-29,1.0837
2014-05-30,1.0867
2014-06-02,1.0895
2014-06-03,1.0915
2014-06-04,1.0937
2014-06-05,1.0934
2014-06-06,1.0936
2014-06-09,1.091
2014-06-10,1.0915
2014-06-11,1.0867
2014-06-12,1.0851
2014-06-13,1.0868
2014-06-16,1.085
2014-06-17,1.0852
2014-06-18,1.087
2014-06-19,1.0828
2014-06-20,1.0766
2014-06-23,1.0731
2014-06-24,1.074
2014-06-25,1.0721
2014-06-26,1.0707
2014-06-27,1.0676
2014-06-30,1.0676
2014-07-01,1.0676
2014-07-02,1.0667
2014-07-03,1.0634
2014-07-07,1.0662
2014-07-08,1.0674
2014-07-09,1.065
2014-07-10,1.0658
2014-07-11,1.072
2014-07-14,1.0722
2014-07-15,1.0766
2014-07-16,1.075
2014-07-17,1.0753
2014-07-18,1.0737
2014-07-21,1.0737
2014-07-22,1.0745
2014-07-23,1.0741
2014-07-24,1.0742
2014-07-25,1.0814
2014-07-28,1.0801
2014-07-30,1.0909
2014-07-31,1.089
2014-08-01,1.0919
2014-08-04,1.0919
2014-08-05,1.097
2014-08-06,1.0926
2014-08-07,1.0922
2014-08-08,1.0982
2014-08-11,1.0935
2014-08-12,1.0944
2014-08-13,1.0929
2014-08-14,1.0911
2014-08-15,1.091
2014-08-21,1.0948
2014-08-22,1.095
2014-08-25,1.098
2014-08-26,1.0951
2014-08-27,1.0891
2014-08-28,1.0857
2014-08-29,1.0858
2014-09-02,1.0925
2014-09-03,1.0873
2014-09-04,1.0863
2014-09-05,1.089
2014-09-08,1.0933
2014-09-09,1.1012
2014-09-10,1.0955
2014-09-11,1.1032
2014-09-12,1.1076
2014-09-15,1.1051
2014-09-16,1.099
2014-09-17,1.0952
2014-09-18,1.0946
2014-09-19,1.0969
2014-09-22,1.1008
2014-09-23,1.106
2014-09-24,1.109
2014-09-25,1.1106
2014-09-26,1.1164
2014-09-29,1.1145
2014-09-30,1.1208
2014-10-01,1.1171
2014-10-02,1.1151
2014-10-03,1.1256
2014-10-06,1.1175
2014-10-07,1.1182
2014-10-08,1.1182
2014-10-09,1.1149
2014-10-10,1.1177
2014-10-13,1.1177
2014-10-14,1.1236
2014-10-15,1.1289
2014-10-16,1.1266
2014-10-17,1.1248
2014-10-20,1.1277
2014-10-21,1.1219
2014-10-22,1.1219
2014-10-23,1.1237
2014-10-24,1.1213
2014-10-27,1.1247
2014-10-28,1.1178
2014-10-29,1.1136
2014-10-30,1.1193
2014-10-31,1.1275
2014-11-03,1.132
2014-11-04,1.1397
2014-11-05,1.1377
2014-11-06,1.1424
2014-11-07,1.136
2014-11-10,1.1345
2014-11-11,1.1345
2014-11-12,1.1284
2014-11-13,1.135
2014-11-14,1.1294
2014-11-17,1.1308
2014-11-18,1.1305
2014-11-19,1.135
2014-11-20,1.1312
2014-11-21,1.1238
2014-11-24,1.1282
2014-11-25,1.1261
2014-11-26,1.1236
2014-12-01,1.1344
2014-12-02,1.14
2014-12-03,1.136
2014-12-04,1.1373
2014-12-05,1.1423
2014-12-08,1.1472
2014-12-09,1.1422
2014-12-10,1.1482
2004-12-11,1.1535
2014-12-12,1.154
2014-12-15,1.163
2014-12-16,1.1625
2014-12-17,1.1629
2014-12-18,1.1594
2014-12-19,1.1629
2014-12-22,1.1643
2014-12-23,1.1627
2014-12-24,1.1623
2014-12-29,1.1632
2014-12-30,1.1599
2014-12-31,1.1601
2015-01-02,1.1601
2015-01-05,1.1787
2015-01-06,1.1804
2015-01-07,1.1851
2015-01-08,1.1812
2015-01-09,1.1857
2015-01-12,1.193
2015-01-13,1.1948
2015-01-14,1.1958
2015-01-15,1.1932
2015-01-16,1.1986
2015-01-19,1.1966
2015-01-20,1.2085
2015-01-21,1.2374
2015-01-22,1.2371
2015-01-23,1.2403
2015-01-26,1.2411
2015-01-27,1.2404
2015-01-28,1.2451
2015-01-29,1.2644
2015-01-30,1.2717
2015-02-02,1.2578
2015-02-03,1.2456
2015-02-04,1.255
2015-02-05,1.2422
2015-02-06,1.2523
2015-02-09,1.2488
2015-02-10,1.2528
2015-02-11,1.2635
2015-02-12,1.2462
2015-02-13,1.2449
2015-02-16,1.2449
2015-02-17,1.2403
2015-02-18,1.2455
2015-02-19,1.2486
2015-02-20,1.2506
2015-02-23,1.258
2015-02-24,1.2603
2015-02-25,1.2419
2015-02-26,1.249
2015-02-27,1.2508
2015-03-02,1.2535
2015-03-03,1.2452
2015-03-04,1.244
2015-03-05,1.2482
2015-03-06,1.2616
2015-03-09,1.2598
2015-03-10,1.2633
2015-03-11,1.2764
2015-03-12,1.2691
2015-03-13,1.2803
2015-03-16,1.2765
2015-03-17,1.2769
2015-03-18,1.2771
2015-03-19,1.2744
2015-03-20,1.2595
2015-03-23,1.2516
2015-03-24,1.2511
2015-03-25,1.2513
2015-03-26,1.2471
2015-03-27,1.258
2015-03-30,1.2689
2015-03-31,1.2683
2015-04-01,1.2612
2015-04-02,1.2585
2015-04-03,1.2585
2015-04-06,1.2452
2015-04-07,1.2488
2015-04-08,1.2508
2015-04-09,1.258
2015-04-10,1.2595
2015-04-13,1.2602
2015-04-14,1.2478
2015-04-15,1.2379
2015-04-16,1.2206
2015-04-17,1.229
2015-04-20,1.2204
2015-04-21,1.2274
2015-04-22,1.225
2015-04-23,1.21471
2015-04-24,1.2166
2015-04-27,1.2105
2015-04-28,1.2021
2015-04-29,1.1954
2015-04-30,1.2119
2015-05-01,1.2192
2015-05-04,1.2111
2015-05-05,1.204
2015-05-06,1.2009
2015-05-07,1.2139
2015-05-08,1.2088
2015-05-11,1.2105
2015-05-12,1.1987
2015-05-13,1.1951
2015-05-14,1.1992
2015-05-15,1.201
2015-05-18,1.201
2015-05-19,1.2211
2015-05-20,1.2212
2015-05-21,1.2201
2015-05-22,1.2288
2015-05-26,1.243
2015-05-27,1.2485
2015-05-28,1.2477
2015-05-29,1.2465
2015-06-01,1.255
2015-06-02,1.2423
2015-06-03,1.24361
2015-06-04,1.2477
2015-06-05,1.2489
2015-06-08,1.2435
2015-06-09,1.2317
2015-06-10,1.2267
2015-06-11,1.2314
2015-06-12,1.2304
2015-06-15,1.2323
2015-06-16,1.233
2015-06-17,1.2308
2015-06-18,1.2209
2015-06-19,1.2279
2015-06-22,1.2288
2015-06-23,1.2327
2015-06-24,1.2415
2015-06-25,1.2347
2015-06-26,1.2359
2015-06-29,1.2382
2015-06-30,1.2474
2015-07-01,1.2474
2015-07-02,1.2566
2015-07-06,1.2626
2015-07-07,1.274
2015-07-08,1.2722
2015-07-09,1.2729
2015-07-10,1.2715
2015-07-13,1.2762
2015-07-14,1.2748
2015-07-15,1.2937
2015-07-16,1.2939
2015-07-17,1.2998
2015-07-20,1.2982
2015-07-21,1.2961
2015-07-22,1.3026
2015-07-23,1.303
2015-07-24,1.306
2015-07-27,1.3009
2015-07-28,1.2934
2015-07-29,1.2893
2015-07-30,1.3026
2015-07-31,1.3026
2015-08-03,1.3026
2015-08-04,1.3125
2015-08-05,1.3183
2015-08-06,1.3152
2015-08-07,1.3122
2015-08-10,1.3056
2015-08-11,1.3148
2015-08-12,1.2973
2015-08-13,1.3078
2015-08-14,1.3078
2015-08-20,1.308
2015-08-21,1.3149
2015-08-24,1.3213
2015-08-25,1.3296
2015-08-26,1.3303
2015-08-27,1.3197
2015-08-28,1.3269
2015-08-31,1.3223
2015-09-01,1.3179
2015-09-02,1.3311
2015-09-03,1.3199
2015-09-08,1.3195
2015-09-09,1.3223
2015-09-10,1.3219
2015-09-11,1.3276
2015-09-14,1.327
2015-09-15,1.3263
2015-09-16,1.3178
2015-09-17,1.3186
2015-09-18,1.3147
2015-09-21,1.325
2015-09-22,1.3278
2015-09-23,1.3315
2015-09-24,1.3351
2015-09-25,1.3325
2015-09-28,1.3361
2015-09-29,1.3413
2015-09-30,1.3394
2015-10-01,1.329608
2015-10-02,1.3214
2015-10-05,1.3085
2015-10-06,1.3056
2015-10-07,1.3036
2015-10-08,1.3018
2015-10-09,1.2946
2015-10-12,1.2946
2015-10-13,1.2986
2015-10-14,1.2982
2015-10-15,1.2904
2015-10-16,1.2933
2015-10-19,1.2998
2015-10-20,1.2974
2015-10-21,1.3116
2015-10-22,1.3088
2015-10-23,1.3172
2015-10-26,1.3134
2015-10-27,1.3241
2015-10-28,1.3148
2015-10-29,1.317
2015-10-30,1.3083
2015-11-02,1.3095
2015-11-03,1.3106
2015-11-04,1.3164
2015-11-05,1.3167
2015-11-06,1.3308
2015-11-09,1.3275
2015-11-10,1.3259
2015-11-11,1.3259
2015-11-12,1.3307
2015-11-13,1.3332
2015-11-16,1.3353
2015-11-17,1.3324
2015-11-18,1.3353
2015-11-19,1.3267
2015-11-20,1.3338
2015-11-23,1.3357
2015-11-24,1.3308
2015-11-25,1.3301
2015-11-30,1.3333
2015-12-01,1.3372
2015-12-02,1.336
2015-12-03,1.3394
2015-12-04,1.3365
2015-12-07,1.3508
2015-12-08,1.3593
2015-12-09,1.3595
2015-12-10,1.3599
2015-12-11,1.3696
2015-12-14,1.3733
2015-12-15,1.3728
2015-12-16,1.3805
2015-12-17,1.397
2015-12-18,1.3882
2015-12-21,1.399
2015-12-22,1.3929
2015-12-23,1.386
2015-12-24,1.386
2015-12-28,1.3845
2015-12-29,1.385
2015-12-30,1.3884
2015-12-31,1.384
2016-01-04,1.3969
2016-01-05,1.3993
2016-01-06,1.4084
2016-01-07,1.4061
2016-01-08,1.4151
2016-01-11,1.4205
2016-01-12,1.4291
2016-01-13,1.4294
2016-01-14,1.4373
2016-01-15,1.4528
2016-01-18,1.4507
2016-01-19,1.4514
2016-01-20,1.4589
2016-01-21,1.4243
2016-01-22,1.4151
2016-01-25,1.4252
2016-01-26,1.4062
2016-01-27,1.4043
2016-01-28,1.4073
2016-01-29,1.408
2016-02-01,1.4006
2016-02-02,1.404
2016-02-03,1.3846
2016-02-04,1.3726
2016-02-05,1.3876
2016-02-08,1.3921
2016-02-09,1.382
2016-02-10,1.3968
2016-02-11,1.393
2016-02-12,1.3835
2016-02-15,1.3838
2016-02-16,1.386
2016-02-17,1.3684
2016-02-18,1.3721
2016-02-19,1.3801
2016-02-22,1.3685
2016-02-23,1.3792
2016-02-24,1.3766
2016-02-25,1.3575
2016-02-26,1.3547
2016-02-29,1.3523
2016-03-01,1.3407
2016-03-02,1.3468
2016-03-03,1.3407
2016-03-04,1.3337
2016-03-07,1.3301
2016-03-08,1.3389
2016-03-09,1.3236
2016-03-10,1.3373
2016-03-11,1.3215
2016-03-14,1.3293
2016-03-15,1.3359
2016-03-16,1.3362
2016-03-17,1.2984
2016-03-18,1.2982
2016-03-21,1.3069
2016-03-22,1.3051
2016-03-23,1.3203
2016-03-24,1.3269
2016-03-25,1.3269
2016-03-28,1.3184
2016-03-29,1.3154
2016-03-30,1.2962
2016-03-31,1.2971
2016-04-01,1.3047
2016-04-04,1.3036
2016-04-05,1.317
2016-04-06,1.3077
2016-04-07,1.3163
2016-04-08,1.2995
2016-04-11,1.2913
2016-04-12,1.2799
2016-04-13,1.2792
2016-04-14,1.2836
2016-04-15,1.2858
2016-04-18,1.2815
2016-04-19,1.2656
2016-04-20,1.2627
2016-04-21,1.271
2016-04-22,1.2674
2016-04-25,1.268
2016-04-26,1.2614
2016-04-27,1.2635
2016-04-28,1.2544
2016-04-29,1.2549
2016-05-02,1.2548
2016-05-03,1.2686
2016-05-04,1.2884
2016-05-05,1.2853
2016-05-06,1.2921
2016-05-09,1.2994
2016-05-10,1.2959
2016-05-11,1.2836
2016-05-12,1.2858
2016-05-13,1.294
2016-05-16,1.2887
2016-05-17,1.2885
2016-05-19,1.3116
2016-05-20,1.3136
2016-05-24,1.3118
2016-05-26,1.2981
2016-05-27,1.3003
2016-05-31,1.31
2016-06-01,1.3091
2016-06-02,1.308
2016-06-03,1.2948
2016-06-06,1.2856
2016-06-07,1.2789
2016-06-08,1.2695
2016-06-09,1.2731
2016-06-10,1.2736
2016-06-13,1.2792
2016-06-14,1.2835
2016-06-16,1.2914
2016-06-17,1.2878
2016-06-20,1.2807
2016-06-21,1.2818
2016-06-22,1.282
2016-06-23,1.2752
2016-06-24,1.2952
2016-06-27,1.3078
2016-06-28,1.309
2016-06-29,1.2991
2016-06-30,1.3009
2016-07-01,1.3009
2016-07-05,1.2949
2016-07-06,1.3005
2016-07-07,1.2984
2016-07-08,1.3073
2016-07-11,1.3127
2016-07-12,1.3016
2016-07-13,1.2965
2016-07-14,1.2915
2016-07-15,1.2975
2016-07-18,1.2984
2016-07-19,1.3029
2016-07-20,1.304
2016-07-21,1.3057
2016-07-22,1.3178
2016-07-25,1.3225
2016-07-26,1.3209
2016-07-27,1.322
2016-07-28,1.322
2016-07-29,1.3041
2016-08-01,1.3041
2016-08-02,1.3089
2016-08-03,1.308
2016-08-04,1.3025
2016-08-05,1.318
2016-08-08,1.3164
2016-08-09,1.3117
2016-08-10,1.306
2016-08-11,1.3007
2016-08-12,1.2945
2016-08-18,1.2775
2016-08-19,1.28448
2016-08-22,1.2942
2016-08-23,1.2902
2016-08-24,1.294
2016-08-25,1.2937
2016-08-26,1.2947
2016-08-29,1.3019
2016-08-30,1.3076
2016-08-31,1.3124
2016-09-01,1.3107
2016-09-02,1.2999
2016-09-06,1.2843
2016-09-07,1.2895
2016-09-08,1.2909
2016-09-09,1.3033
2016-09-12,1.3077
2016-09-13,1.3167
2016-09-14,1.3189
2016-09-15,1.3146
2016-09-16,1.3213
2016-09-19,1.32025
2016-09-20,1.3228
2016-09-21,1.3186
2016-09-22,1.3039
2016-09-23,1.3165
2016-09-26,1.3197
2016-09-27,1.3248
2016-09-28,1.3242
2016-09-29,1.3101
2016-09-30,1.3117
2016-10-03,1.3137
2016-10-04,1.3194
2016-10-05,1.3178
2016-10-06,1.321
2016-10-07,1.3304
2016-10-11,1.3239
2016-10-12,1.3277
2016-10-13,1.3219
2016-10-14,1.3168
2016-10-17,1.3138
2016-10-18,1.3104
2016-10-19,1.3107
2016-10-20,1.3198
2016-10-21,1.3324
2016-10-24,1.3388
2016-10-25,1.3334
2016-10-26,1.336
2016-10-27,1.33818
2016-10-28,1.3385
2016-10-31,1.3403
2016-11-01,1.3379
2016-11-02,1.339
2016-11-03,1.3386
2016-11-04,1.3412
2016-11-07,1.3383
2016-11-08,1.3369
2016-11-09,1.3408
2016-11-10,1.3475
2016-11-14,1.3582
2016-11-15,1.3468
2016-11-16,1.3416
2016-11-17,1.3429
2016-11-18,1.3519
2016-11-21,1.3437
2016-11-22,1.3444
2016-11-23,1.348679
2016-11-24,1.347272
2016-11-25,1.351546
2016-11-28,1.3401
2016-11-29,1.3443
2016-11-30,1.3428
2016-12-01,1.3331
2016-12-02,1.3298
2016-12-05,1.3272
2016-12-06,1.3281
2016-12-07,1.3252
2016-12-08,1.3221
2016-12-09,1.3164
2016-12-12,1.314
2016-12-13,1.312
2016-12-14,1.3123
2016-12-15,1.3397
2016-12-16,1.3397
2016-12-19,1.3397
2016-12-20,1.3378
2016-12-21,1.3401
2016-12-22,1.3468
2016-12-23,1.3535
2016-12-27,1.3535
2016-12-28,1.3535
2016-12-29,1.3488
2016-12-30,1.3492
2017-01-03,1.3438
2017-01-04,1.3436
2017-01-05,1.3216
2017-01-06,1.3216
2017-01-09,1.3222
2017-01-10,1.3208
2017-01-11,1.3232
2017-01-12,1.313
2017-01-13,1.3135
2017-01-17,1.306
2017-01-18,1.3177
2017-01-19,1.3329
2017-01-20,1.3339
2017-01-23,1.3289
2017-01-24,1.3152
2017-01-25,1.3075
2017-01-26,1.3104
2017-01-27,1.3108
2017-01-30,1.3093
2017-01-31,1.303
2017-02-01,1.3089
2017-02-02,1.3019
2017-02-03,1.3004
2017-02-06,1.3117
2017-02-07,1.3167
2017-02-08,1.3157
2017-02-09,1.3141
2017-02-10,1.3074
2017-02-11,1.3071
2017-02-14,1.3093
2017-02-15,1.3084
2017-02-16,1.3058
2017-02-17,1.3116
2017-02-21,1.3149
2017-02-22,1.3187
2017-02-23,1.3109
2017-02-24,1.3104
2017-02-27,1.3101
2017-02-28,1.3248
2017-03-01,1.3346
2017-03-02,1.3384
2017-03-03,1.3419
2017-03-06,1.341
2017-03-07,1.3413
2017-03-08,1.3481
2017-03-09,1.3505
2017-03-10,1.3469
2017-03-13,1.3453
2017-03-14,1.3463
2017-03-15,1.3451
2017-03-16,1.3316
2017-03-17,1.3369
2017-03-20,1.3357
2017-03-21,1.332
2017-03-22,1.3347
2017-03-23,1.3333
2017-03-24,1.3373
2017-03-27,1.3368
2017-03-28,1.3363
2017-03-29,1.3372
2017-03-30,1.3279
2017-03-31,1.3322
2017-04-03,1.3389
2017-04-04,1.3415
2017-04-05,1.3411
2017-04-06,1.3409
2017-04-07,1.339226
2017-04-10,1.3347
2017-04-11,1.3335
2017-04-12,1.3302
2017-04-13,1.3265
2017-04-14,1.3265
2017-04-17,1.3277
2017-04-18,1.3381
2017-04-19,1.3469
2017-04-20,1.348
2017-04-21,1.3503
2017-04-24,1.3516
2017-04-25,1.3615
2017-04-26,1.3592
2017-04-27,1.3667
2017-04-28,1.3665
2017-05-01,1.366
2017-05-02,1.372
2017-05-03,1.3714
2017-05-04,1.3743
2017-05-05,1.3712
2017-05-08,1.3705
2017-05-09,1.3728
2017-05-10,1.3672
2017-05-11,1.3707
2017-05-12,1.3714
2017-05-15,1.3641
2017-05-16,1.3596
2017-05-17,1.3614
2017-05-18,1.3611
2017-05-19,1.3544
2017-05-23,1.349
2017-05-24,1.346
2017-05-25,1.3453
2017-05-26,1.3456
2017-05-29,1.3446
2017-05-30,1.3469
2017-05-31,1.35
2017-06-01,1.35
2017-06-02,1.3504
2017-06-05,1.3483
2017-06-06,1.3461
2017-06-07,1.3492
2017-06-08,1.3503
2017-06-09,1.3453
2017-06-12,1.3415
2017-06-13,1.3238
2017-06-14,1.3209
2017-06-15,1.3283
2017-06-16,1.3232
2017-06-19,1.322
2017-06-20,1.3267
2017-06-21,1.331
2017-06-22,1.3241
2017-06-23,1.3268
2017-06-26,1.3238
2017-06-27,1.3188
2017-06-28,1.306
2017-06-29,1.3015
2017-06-30,1.2977
2017-07-03,1.2941
2017-07-04,1.2941
2017-07-05,1.2982
2017-07-06,1.2946
2017-07-07,1.2887
2017-07-10,1.2888
2017-07-11,1.292
2017-07-12,1.2794
2017-07-13,1.2743
2017-07-14,1.2672
2017-07-17,1.2669
2017-07-18,1.2628
2017-07-19,1.2595
2017-07-20,1.2585
2017-07-21,1.2549
2017-07-24,1.2512
2017-07-25,1.2507
2017-07-26,1.2505
2017-07-27,1.252
2017-07-28,1.2447
2017-07-31,1.2485
2017-08-01,1.2514
2017-08-02,1.256
2017-08-03,1.2578
2017-08-04,1.2638
2017-08-07,1.2672
2017-08-08,1.2672
2017-08-09,1.2705
2017-08-10,1.2711
2017-08-11,1.2685
2017-08-14,1.2705
2017-08-15,1.2755
2017-08-16,1.2699
2017-08-17,1.2647
2017-08-18,1.2586
2017-08-21,1.2575
2017-08-22,1.2552
2017-08-23,1.2564
2017-08-24,1.2529
2017-08-25,1.2492
2017-08-28,1.2482
2017-08-29,1.2515
2017-08-30,1.2605
2017-08-31,1.2536
2017-09-01,1.239
2017-09-05,1.2371
2017-09-06,1.2264
2017-09-07,1.2148
2017-09-08,1.2132
2017-09-11,1.2128
2017-09-12,1.2159
2017-09-13,1.2187
2017-09-14,1.2198
2017-09-15,1.2182
2017-09-18,1.2238
2017-09-19,1.2277
2017-09-20,1.2273
2017-09-21,1.2339
2017-09-22,1.2317
2017-09-25,1.2341
2017-09-26,1.237
2017-09-27,1.2412
2017-09-28,1.245
2017-09-29,1.248
2017-10-02,1.2505
2017-10-03,1.25
2017-10-04,1.2479
2017-10-05,1.2548
2017-10-06,1.2549
2017-10-10,1.2501
2017-10-11,1.2498
2017-10-12,1.2472
2017-10-13,1.2487
2017-10-16,1.2529
2017-10-17,1.2548
2017-10-18,1.2486
2017-10-19,1.2478
2017-10-20,1.2601
2017-10-23,1.2644
2017-10-24,1.2666
2017-10-25,1.2771
2017-10-26,1.2831
2017-10-27,1.2874
2017-10-30,1.2837
2017-10-31,1.2893
2017-11-01,1.2885
2017-11-02,1.2822
2017-11-03,1.2764
2017-11-06,1.2746
2017-11-07,1.2785
2017-11-08,1.2729
2017-11-09,1.2692
2017-11-10,1.2683
2017-11-13,1.2683
2017-11-14,1.2733
2017-11-15,1.2773
2017-11-16,1.2745
2017-11-17,1.2783
2017-11-20,1.2793
2017-11-21,1.2778
2017-11-22,1.2729
2017-11-23,1.2715
2017-11-24,1.2708
2017-11-27,1.2735
2017-11-28,1.2807
2017-11-29,1.2853
2017-11-30,1.2888
2017-12-01,1.2729
2017-12-04,1.2695
2017-12-05,1.268
2017-12-06,1.2757
2017-12-07,1.2843
2017-12-08,1.286
2017-12-11,1.2854
2017-12-12,1.2871
2017-12-13,1.2852
2017-12-14,1.2805
2017-12-15,1.2834
2017-12-18,1.2865
2017-12-19,1.2886
2017-12-20,1.2842
2017-12-21,1.2734
2017-12-22,1.2641
2017-12-26,1.2641
2017-12-27,1.2641
2017-12-28,1.2588
2017-12-29,1.2545
2018-01-02,1.2517
2018-01-03,1.2533
2018-01-04,1.2515
2018-01-05,1.2403
2018-01-08,1.2422
2018-01-09,1.2454
2018-01-10,1.2496
2018-01-11,1.2535
2018-01-12,1.2504
2018-01-15,1.2422
2018-01-16,1.2419
2018-01-17,1.2425
2018-01-18,1.2446
2018-01-19,1.2459
2018-01-22,1.2458
2018-01-23,1.2454
2018-01-24,1.2341
2018-01-25,1.2323
2018-01-26,1.2321
2018-01-29,1.2335
2018-01-30,1.2328
2018-01-31,1.2293
2018-02-01,1.2288
2018-02-02,1.238
2018-02-05,1.2483
2018-02-06,1.253
2018-02-07,1.2546
2018-02-08,1.2585
2018-02-09,1.2609
2018-02-12,1.2603
2018-02-13,1.26
2018-02-14,1.2562
2018-02-15,1.2507
2018-02-16,1.254
2018-02-20,1.2622
2018-02-21,1.2671
2018-02-22,1.2709
2018-02-23,1.2668
2018-02-26,1.2686
2018-02-27,1.274
2018-02-28,1.2809
2018-03-01,1.2851
2018-03-02,1.2891
2018-03-05,1.2977
2018-03-06,1.2898
2018-03-07,1.2947
2018-03-08,1.2927
2018-03-09,1.284
2018-03-12,1.283
2018-03-13,1.2912
2018-03-14,1.2944
2018-03-15,1.3032
2018-03-16,1.3088
2018-03-19,1.3079
2018-03-20,1.3077
2018-03-21,1.2958
2018-03-22,1.2908
2018-03-23,1.2856
2018-03-26,1.2886
2018-03-27,1.2869
2018-03-28,1.2902
2018-03-29,1.2894
2018-04-02,1.2908
2018-04-03,1.2812
2018-04-04,1.2809
2018-04-05,1.2776
2018-04-06,1.2764
2018-04-09,1.2729
2018-04-10,1.2618
2018-04-11,1.2584
2018-04-12,1.2596
2018-04-13,1.2597
2018-04-16,1.2579
2018-04-17,1.2552
2018-04-18,1.2614
2018-04-19,1.2633
2018-04-20,1.2728
2018-04-23,1.2833
2018-04-24,1.2828
2018-04-25,1.2869
2018-04-26,1.2862
2018-04-27,1.2857
2018-04-30,1.2836
2018-05-01,1.2867
2018-05-02,1.2851
2018-05-03,1.2862
2018-05-04,1.2861
2018-05-07,1.2864
2018-05-08,1.2963
2018-05-09,1.2856
2018-05-10,1.2775
2018-05-11,1.2779
2018-05-14,1.2775
2018-05-15,1.2876
2018-05-16,1.2809
2018-05-17,1.2801
2018-05-18,1.288
2018-05-21,1.288
2018-05-22,1.2786
2018-05-23,1.2876
2018-05-24,1.2891
2018-05-25,1.2974
2018-05-29,1.302
2018-05-30,1.2897
2018-05-31,1.2948
2018-06-01,1.2964
2018-06-04,1.2928
2018-06-05,1.2993
2018-06-06,1.2913
2018-06-07,1.2972
2018-06-08,1.2962
2018-06-11,1.2993
2018-06-12,1.3004
2018-06-13,1.2988
2018-06-14,1.3052
2018-06-15,1.3177
2018-06-18,1.3208
2018-06-19,1.3276
2018-06-20,1.3301
2018-06-21,1.331
2018-06-22,1.3308
2018-06-25,1.3303
2018-06-26,1.3306
2018-06-27,1.3307
2018-06-28,1.3267
2018-06-29,1.3168
2018-07-02,1.3168
2018-07-03,1.3154
2018-07-04,1.3143
2018-07-05,1.3129
2018-07-06,1.3105
2018-07-09,1.3097
2018-07-10,1.3125
2018-07-11,1.3151
2018-07-12,1.3166
2018-07-13,1.3171
2018-07-16,1.3137
2018-07-17,1.3187
2018-07-18,1.3204
2018-07-19,1.3255
2018-07-20,1.3142
2018-07-23,1.3156
2018-07-24,1.3157
2018-07-25,1.3088
2018-07-26,1.3065
2018-07-27,1.3062
2018-07-30,1.3021
2018-07-31,1.3017
2018-08-01,1.3002
2018-08-02,1.3014
2018-08-03,1.2983
2018-08-06,1.2983
2018-08-07,1.3023
2018-08-08,1.3052
2018-08-09,1.304
2018-08-10,1.3113
2018-08-13,1.3136
2018-08-14,1.3087
2018-08-15,1.3138
2018-08-16,1.3152
2018-08-17,1.3081
2018-08-20,1.3065
2018-08-21,1.3036
2018-08-22,1.3016
2018-08-23,1.3063
2018-08-24,1.3036
2018-08-27,1.2986
2018-08-28,1.2917
2018-08-29,1.2931
2018-08-30,1.298
2018-08-31,1.3055
2018-09-04,1.3182
2018-09-05,1.3185
2018-09-06,1.3188
2018-09-07,1.3164
2018-09-10,1.3163
2018-09-11,1.3141
2018-09-12,1.3014
2018-09-13,1.2997
2018-09-14,1.3033
2018-09-17,1.3019
2018-09-18,1.2992
2018-09-19,1.2947
2018-09-20,1.2905
2018-09-21,1.2916
2018-09-24,1.2935
2018-09-25,1.2948
2018-09-26,1.2975
2018-09-27,1.3045
2018-09-28,1.2945
2018-10-01,1.2803
2018-10-02,1.2817
2018-10-03,1.2832
2018-10-04,1.29
2018-10-05,1.2936
2018-10-09,1.2965
2018-10-10,1.2992
2018-10-11,1.3038
2018-10-12,1.3031
2018-10-15,1.2993
2018-10-16,1.2938
2018-10-17,1.2994
2018-10-18,1.3057
2018-10-19,1.3104
2018-10-22,1.3105
2018-10-23,1.3098
2018-10-24,1.3029
2018-10-25,1.3076
2018-10-26,1.3108
2018-10-29,1.3119
2018-10-30,1.3133
2018-10-31,1.3142
2018-11-01,1.3088
2018-11-02,1.3105
2018-11-05,1.3096
2018-11-06,1.313
2018-11-07,1.3096
2018-11-08,1.3114
2018-11-09,1.3206
2018-11-13,1.3241
2018-11-14,1.3235
2018-11-15,1.3202
2018-11-16,1.3154
2018-11-19,1.3182
2018-11-20,1.3259
2018-11-21,1.327
2018-11-22,1.3205
2018-11-23,1.3228
2018-11-26,1.323
2018-11-27,1.3289
2018-11-28,1.3302
2018-11-29,1.3275
2018-11-30,1.3301
2018-12-03,1.3191
2018-12-04,1.3219
2018-12-05,1.3353
2018-12-06,1.3404
2018-12-07,1.3299
2018-12-10,1.3379
2018-12-11,1.3402
2018-12-12,1.3346
2018-12-13,1.3359
2018-12-14,1.3379
2018-12-17,1.3399
2018-12-18,1.3454
2018-12-19,1.345
2018-12-21,1.3566
2018-12-24,1.3589
2018-12-27,1.3641
2018-12-28,1.3638
2019-12-31,1.3642
2019-01-02,1.36
2019-01-03,1.3501
2019-01-04,1.341
2019-01-07,1.3313
2019-01-08,1.3293
2019-01-09,1.3221
2019-01-10,1.3234
2019-01-11,1.3259
2019-01-14,1.3269
2019-01-15,1.3266
2019-01-16,1.3248
2019-01-17,1.3294
2019-01-18,1.326
2019-01-21,1.3297
2019-01-22,1.334
2019-01-23,1.3348
2019-01-24,1.3351
2019-01-25,1.3256
2019-01-28,1.326
2019-01-29,1.3266
2019-01-30,1.3192
2019-01-31,1.3144
2019-02-01,1.3095
2019-02-04,1.3127
2019-02-05,1.3134
2019-02-06,1.319
2019-02-07,1.3285
2019-02-08,1.327
2019-02-11,1.3294
2019-02-12,1.3248
2019-02-13,1.324
2019-02-14,1.3298
2019-02-15,1.3266
2019-02-19,1.3238
2019-02-20,1.3169
2019-02-21,1.3196
2019-02-22,1.3173
2019-02-25,1.3174
2019-02-26,1.3195
2019-02-27,1.3145
2019-02-28,1.3169
2019-03-01,1.326
2019-03-04,1.3317
2019-03-05,1.3345
2019-03-06,1.342
2019-03-07,1.3438
2019-03-08,1.3422
2019-03-11,1.3414
2019-03-12,1.3378
2019-03-13,1.3326
2019-03-14,1.3327
2019-03-15,1.3342
2019-03-18,1.3345
2019-03-19,1.3292
2019-03-20,1.3317
2019-03-21,1.3366
2019-03-22,1.3411
2019-03-25,1.342
2019-03-26,1.3386
2019-03-27,1.3414
2019-03-28,1.3429
2019-03-29,1.3363
2019-04-01,1.3337
2019-04-02,1.3344
2019-04-03,1.3324
2019-04-04,1.3357
2019-04-05,1.3386
2019-04-08,1.3325
2019-04-09,1.3316
2019-04-10,1.3326
2019-04-11,1.3378
2019-04-12,1.3329
2019-04-15,1.3354
2019-04-16,1.3361
2019-04-17,1.3332
2019-04-18,1.3382
2019-04-22,1.3353
2019-04-23,1.3421
2019-04-24,1.3475
2019-04-25,1.3493
2019-04-26,1.346
2019-04-29,1.3456
2019-04-30,1.3423
2019-05-01,1.3416
2019-05-02,1.3462
2019-05-03,1.3429
2019-05-06,1.3456
2019-05-07,1.3476
2019-05-08,1.3466
2019-05-09,1.3483
2019-05-10,1.3418
2019-05-13,1.3457
2019-05-14,1.3469
2019-05-15,1.3451
2019-05-16,1.3439
2019-05-17,1.3468
2019-05-20,1.3468
2019-05-21,1.3413
2019-05-22,1.341
2019-05-23,1.3478
2019-05-24,1.3447
2019-05-27,1.3442
2019-05-28,1.3477
2019-05-29,1.3514
2019-05-30,1.3501
2019-05-31,1.3527
2019-06-03,1.347
2019-06-04,1.3414
2019-06-05,1.3401
2019-06-06,1.3378
2019-06-07,1.3283
2019-06-10,1.3267
2019-06-11,1.3278
2019-06-12,1.3303
2019-06-13,1.3324
2019-06-14,1.3385
2019-06-17,1.3407
2019-06-18,1.3394
2019-06-19,1.3343
2019-06-20,1.3191
2019-06-21,1.3212
2019-06-24,1.3194
2019-06-25,1.3174
2019-06-26,1.313
2019-06-27,1.3111
2019-06-28,1.3087
2019-07-01,1.3087
2019-07-02,1.3114
2019-07-03,1.3073
2019-07-04,1.3059
2019-07-05,1.3099
2019-07-08,1.3081
2019-07-09,1.3127
2019-07-10,1.3092
2019-07-11,1.3071
2019-07-12,1.3038
2019-07-15,1.3039
2019-07-16,1.3052
2019-07-17,1.3053
2019-07-18,1.3069
2019-07-19,1.3071
2019-07-22,1.3103
2019-07-23,1.3142
2019-07-24,1.3137
2019-07-25,1.3146
2019-07-26,1.3182
2019-07-29,1.3159
2019-07-30,1.3168
2019-07-31,1.3148
2019-08-01,1.3217
2019-08-02,1.3225
2019-08-05,1.3225
2019-08-06,1.3253
2019-08-07,1.3322
2019-08-08,1.3257
2019-08-09,1.3221
2019-08-12,1.3234
2019-08-13,1.3236
2019-08-14,1.3311
2019-08-15,1.3325
2019-08-16,1.3286
2019-08-19,1.3298
2019-08-20,1.3323
2019-08-21,1.3278
2019-08-22,1.3293
2019-08-23,1.331
2019-08-26,1.3279
2019-08-27,1.3267
2019-08-28,1.3301
2019-08-29,1.3296
2019-08-30,1.3295
2019-09-03,1.3343
2019-09-04,1.3263
2019-09-05,1.3228
2019-09-06,1.3174
2019-09-09,1.3155
2019-09-10,1.3153
2019-09-11,1.3181
2019-09-12,1.3205
2019-09-13,1.3257
2019-09-16,1.3248
2019-09-17,1.3257
2019-09-18,1.3271
2019-09-19,1.3259
2019-09-20,1.3275
2019-09-23,1.327
2019-09-24,1.3249
2019-09-25,1.327
2019-09-26,1.326
2019-09-27,1.3249
2019-09-30,1.3243
2019-10-01,1.3244
2019-10-02,1.3294
2019-10-03,1.333
2019-10-04,1.3317
2019-10-07,1.3306
2019-10-08,1.3323
2019-10-09,1.3324
2019-10-10,1.3294
2019-10-11,1.3198
2019-10-15,1.3211
2019-10-16,1.3201
2019-10-17,1.3143
2019-10-18,1.3132
2019-10-21,1.3096
2019-10-22,1.3094
2019-10-23,1.3086
2019-10-24,1.3075
2019-10-25,1.3064
2019-10-28,1.3056
2019-10-29,1.3075
2019-10-30,1.3152
2019-10-31,1.316
2019-11-01,1.3157
2019-11-04,1.3148
2019-11-05,1.3153
2019-11-06,1.3179
2019-11-07,1.3176
2019-11-08,1.3223
2019-11-11,1.3223
2019-11-12,1.3228
2019-11-13,1.3249
2019-11-14,1.3258
2019-11-15,1.3231
2019-11-18,1.3214
2019-11-19,1.3237
2019-11-20,1.3304
2019-11-21,1.3285
2019-11-22,1.3287
2019-11-25,1.3307
2019-11-26,1.3288
2019-11-27,1.3278
2019-11-28,1.3285
2019-11-29,1.3289
2019-12-02,1.3297
2019-12-03,1.3302
2019-12-04,1.3223
2019-12-05,1.3174
2019-12-06,1.3255
2019-12-09,1.3235
2019-12-10,1.3233
2019-12-11,1.3201
2019-12-12,1.3182
2019-12-13,1.3183
2019-12-16,1.3142
2019-12-17,1.316
2019-12-18,1.3119
2019-12-19,1.3122
2019-12-20,1.3164
2019-12-23,1.316
2019-12-24,1.3157
2019-12-27,1.3078
2019-12-30,1.3059
2019-12-31,1.2988
2020-01-02,1.2992
2020-01-03,1.2988
2020-01-06,1.297
2020-01-07,1.3009
2020-01-08,1.3026
2020-01-09,1.3079
2020-01-10,1.3051
2020-01-13,1.3048
2020-01-14,1.3062
2020-01-15,1.305
2020-01-16,1.3045
2020-01-17,1.3062
2020-01-20,1.3053
2020-01-21,1.3067
2020-01-22,1.3116
2020-01-23,1.3143
2020-01-24,1.314
2020-01-27,1.3182
2020-01-28,1.3179
2020-01-29,1.3196
2020-01-30,1.3217
2020-01-31,1.3233
2020-02-03,1.3275
2020-02-04,1.3278
2020-02-05,1.3289
2020-02-06,1.329
2020-02-07,1.3305
2020-02-10,1.3319
2020-02-11,1.3292
2020-02-12,1.3254
2020-02-13,1.3256
2020-02-14,1.3249
2020-02-18,1.3258
2020-02-19,1.3231
2020-02-20,1.3254
2020-02-21,1.3224
2020-02-24,1.3279
2020-02-25,1.3281
2020-02-26,1.3307
2020-02-27,1.3361
2020-02-28,1.3429
2020-03-02,1.3356
2020-03-03,1.3363
2020-03-04,1.3392
2020-03-05,1.3415
2020-03-06,1.3421
2020-03-09,1.3598
2020-03-10,1.3731
2020-03-11,1.3745
2020-03-12,1.382
2020-03-13,1.3901
2020-03-16,1.3964
2020-03-17,1.4175
2020-03-18,1.4496
2020-03-19,1.4495
2020-03-20,1.4332
2020-03-23,1.4482
2020-03-24,1.4491
2020-03-25,1.4302
2020-03-26,1.4077
2020-03-27,1.4056
2020-03-30,1.4156
2020-03-31,1.4187
2020-04-01,1.4217
2020-04-02,1.4179
2020-04-03,1.4142
2020-04-06,1.4127
2020-04-07,1.3986
2020-04-08,1.4034
2020-04-09,1.3985
2020-04-13,1.3936
2020-04-14,1.3904
2020-04-15,1.4086
2020-04-16,1.4122
2020-04-17,1.4037
2020-04-20,1.4086
2020-04-21,1.4203
2020-04-22,1.4155
2020-04-23,1.4063
2020-04-24,1.409
2020-04-27,1.4053
2020-04-28,1.3978
2020-04-29,1.3922
2020-04-30,1.391
2020-05-01,1.4066
2020-05-04,1.4085
2020-05-05,1.4032
2020-05-06,1.4124
2020-05-07,1.4015
2020-05-08,1.3934
2020-05-11,1.4012
2020-05-12,1.4015
2020-05-13,1.4073
2020-05-14,1.409
2020-05-15,1.4094
2020-05-18,1.4094
2020-05-19,1.3093
2020-05-20,1.3892
2020-05-21,1.3935
2020-05-22,1.4015
2020-05-25,1.3984
2020-05-26,1.3804
2020-05-27,1.378
2020-05-28,1.3764
2020-05-29,1.3787
2020-06-01,1.363
2020-06-02,1.3515
2020-06-03,1.3504
2020-06-04,1.3508
2020-06-05,1.3429
2020-06-08,1.3383
2020-06-09,1.3423
2020-06-10,1.339
2020-06-11,1.3553
2020-06-12,1.3596
2020-06-15,1.3604
2020-06-16,1.3558
2020-06-17,1.3555
2020-06-18,1.3589
2020-06-19,1.3587
2020-06-22,1.3545
2020-06-23,1.3516
2020-06-24,1.3591
2020-06-25,1.3645
2020-06-26,1.3676
2020-06-29,1.3682
2020-06-30,1.3628
2020-07-01,1.3628
2020-07-02,1.3586
2020-07-03,1.3565
2020-07-06,1.3543
2020-07-07,1.3583
2020-07-08,1.3538
2020-07-09,1.3555
2020-07-10,1.3594
2020-07-13,1.3567
2020-07-14,1.3616
2020-07-15,1.3534
2020-07-16,1.3543
2020-07-17,1.3574
2020-07-20,1.3543
2020-07-21,1.3446
2020-07-22,1.342
2020-07-23,1.3392
2020-07-24,1.3421
2020-07-27,1.3378
2020-07-28,1.3373
2020-07-29,1.336
2020-07-30,1.3432
2020-07-31,1.3404
2020-08-03,1.3404
2020-08-04,1.3262
2020-08-05,1.3292
2020-08-06,1.3292
2020-08-07,1.3377
2020-08-10,1.3354
2020-08-11,1.3291
2020-08-12,1.3254
2020-08-13,1.3217
2020-08-14,1.325
2020-08-17,1.3207
2020-08-18,1.317
2020-08-19,1.3171
2020-08-20,1.3195
2020-08-21,1.3205
2020-08-24,1.3207
2020-08-25,1.3194
2020-08-26,1.3155
2020-08-27,1.3129
2020-08-28,1.3097
2020-08-31,1.3042
2020-09-01,1.3055
2020-09-02,1.3067
2020-09-03,1.3123
2020-09-04,1.30899
2020-09-08,0.9631
2020-09-09,0.9635
2020-09-10,0.9629
2020-09-11,0.9642
2020-09-14,1.3175
2020-09-15,1.3176
2020-09-16,1.3168
2020-09-17,1.32
2020-09-18,1.3186
2020-09-21,1.3293
2020-09-22,1.331
2020-09-23,1.3358
2020-09-24,1.3374
2020-09-25,1.3396
2020-09-28,1.3378
2020-09-29,1.3391
2020-09-30,1.3339
2020-10-01,1.3292
2020-10-02,1.331
2020-10-05,1.3269
2020-10-06,1.3272
2020-10-07,1.3275
2020-10-08,1.322
2020-10-09,1.3136
2020-10-13,1.3133
2020-10-14,1.3139
2020-10-15,1.323
2020-10-16,1.3192
2020-10-19,1.3165
2020-10-20,1.3138
2020-10-21,1.3122
2020-10-22,1.3142
2020-10-23,1.314
2020-10-26,1.3201
2020-10-27,1.3164
2020-10-28,1.3302
2020-10-29,1.3349
2020-10-30,1.3318
2020-11-02,1.3257
2020-11-03,1.3145
2020-11-04,1.3138
2020-11-05,1.3051
2020-11-06,1.3039
