Date,1 Yr. Rate,2 Yr. Rate,3 Yr. Rate,5 Yr. Rate,7 Yr. Rate,10 Yr. Rate,30 Yr. Rate
2016-01-19,0.694,0.94,1.109,1.392,1.628,1.886,2.325
2015-01-20,0.694,0.895,1.053,1.346,1.556,1.825,2.239
2016-01-21,0.703,0.863,1.024,1.305,1.544,1.802,2.281
2016-01-22,0.723,0.881,1.082,1.356,1.621,1.866,2.382
2016-01-25,0.723,0.881,1.063,1.328,1.585,1.827,2.28
2016-01-26,0.723,0.877,1.052,1.318,1.576,1.813,2.292
2016-01-27,0.723,0.881,1.057,1.326,1.582,1.827,2.304
2016-01-28,0.724,0.907,1.104,1.387,1.653,1.885,2.321
2016-01-29,0.739,0.886,1.017,1.332,1.583,1.823,2.308
2016-02-01,0.704,0.86,1.013,1.311,1.565,1.813,2.305
2016-02-02,0.704,0.844,0.97,1.279,1.511,1.773,2.252
2006-02-03,0.694,0.806,0.958,1.239,1.491,1.751,2.225
2016-02-04,0.691,0.79,0.946,1.24,1.507,1.779,2.277
2016-02-05,0.645,0.796,0.922,1.193,1.449,1.711,2.209
2016-02-08,0.696,0.822,0.941,1.22,1.469,1.746,2.238
2016-02-09,0.696,0.746,0.84,1.109,1.333,1.612,2.107
2016-02-10,0.685,0.852,0.935,1.178,1.391,1.656,2.162
2016-02-11,0.665,0.682,0.787,1.003,1.257,1.517,2.015
2016-02-12,0.634,0.725,0.889,1.144,1.338,1.603,2.098
2016-02-15,0.7,0.844,0.966,1.23,1.46,1.738,2.194
2016-02-16,0.7,0.84,0.971,1.237,1.479,1.754,2.231
2016-02-17,0.7,0.872,1.011,1.271,1.529,1.8,2.265
2016-02-18,0.69,0.772,0.903,1.167,1.401,1.657,2.164
2016-02-19,0.685,0.82,0.92,1.179,1.386,1.653,2.152
2016-02-22,0.69,0.848,0.966,1.202,1.423,1.667,2.15
2016-02-23,0.69,0.856,0.971,1.23,1.461,1.709,2.204
2016-02-24,0.701,0.749,0.859,1.071,1.28,1.53,2.042
2016-02-25,0.701,0.744,0.868,1.108,1.323,1.598,2.111
2016-02-26,0.686,0.778,0.863,1.079,1.293,1.536,2.064
2016-02-29,0.727,0.855,0.959,1.166,1.372,1.587,2.082
2016-03-01,0.727,0.826,0.905,1.126,1.334,1.567,2.068
2016-03-02,0.763,0.927,1.038,1.273,1.482,1.674,2.149
2016-03-03,0.727,0.869,0.993,1.246,1.442,1.648,2.124
2016-03-04,0.757,0.914,1.056,1.255,1.489,1.717,2.174
2016-03-07,0.772,0.94,1.101,1.347,1.545,1.774,2.213
2016-03-08,0.772,0.928,1.077,1.296,1.483,1.716,2.155
2016-03-09,0.782,0.934,1.077,1.293,1.496,1.73,2.173
2016-03-10,0.752,0.954,1.104,1.309,1.52,1.726,2.134
2016-03-11,0.782,0.987,1.134,1.356,1.539,1.731,2.156
2016-03-14,0.818,1.016,1.164,1.398,1.583,1.809,2.226
2016-03-15,0.818,1.0,1.145,1.37,1.547,1.776,2.192
2016-03-16,0.823,1.033,1.196,1.424,1.599,1.811,2.213
2016-03-17,0.772,0.905,1.047,1.272,1.494,1.722,2.179
2016-03-18,0.842,1.025,1.191,1.391,1.58,1.77,2.178
2016-03-21,0.746,0.926,1.072,1.288,1.504,1.737,2.208
2016-03-22,0.746,0.922,1.061,1.268,1.478,1.726,2.196
2016-03-23,0.771,0.955,1.087,1.32,1.528,1.748,2.188
2016-03-24,0.761,0.919,1.05,1.264,1.46,1.681,2.117
2016-03-25,0.786,0.979,1.136,1.349,1.56,1.79,2.223
2016-03-28,0.796,0.959,1.103,1.317,1.517,1.738,2.159
2016-03-29,0.802,0.957,1.086,1.312,1.516,1.74,2.17
2016-03-30,0.79,0.949,1.073,1.301,1.503,1.724,2.174
2016-03-31,0.753,0.895,1.015,1.251,1.469,1.696,2.189
2016-04-01,0.738,0.855,0.98,1.207,1.426,1.666,2.144
2016-04-04,0.756,0.886,0.998,1.223,1.436,1.669,2.155
2016-04-05,0.753,0.879,0.986,1.204,1.411,1.646,2.143
2016-04-06,0.732,0.836,0.944,1.154,1.357,1.595,2.074
2016-04-07,0.737,0.846,0.955,1.167,1.373,1.621,2.118
2016-04-08,0.739,0.851,0.951,1.153,1.359,1.601,2.096
2016-04-11,0.739,0.859,0.953,1.145,1.359,1.601,2.096
2016-04-12,0.736,0.844,0.939,1.144,1.354,1.607,2.109
2016-04-13,0.744,0.859,0.959,1.171,1.382,1.627,2.132
2016-04-14,0.75,0.875,0.984,1.196,1.408,1.647,2.138
2016-04-15,0.747,0.852,0.953,1.165,1.369,1.609,2.093
2016-04-18,0.747,0.852,0.95,1.165,1.366,1.609,2.093
2016-04-19,0.745,0.865,0.966,1.181,1.384,1.624,2.119
2016-04-20,0.763,0.894,1.008,1.229,1.433,1.669,2.162
2016-04-21,0.764,0.888,1.002,1.206,1.403,1.631,2.116
2016-04-22,0.795,0.943,1.069,1.305,1.514,1.75,2.234
2016-04-25,0.798,0.949,1.081,1.312,1.512,1.744,2.233
2016-04-26,0.795,0.953,1.075,1.31,1.524,1.754,2.246
2016-04-27,0.802,0.962,1.1,1.338,1.548,1.784,2.275
2016-04-28,0.799,0.963,1.091,1.324,1.524,1.758,2.253
2016-04-29,0.789,0.945,1.072,1.303,1.503,1.737,2.238
2016-05-02,0.774,0.821,1.045,1.277,1.483,1.724,2.235
2016-05-03,0.78,0.932,1.065,1.29,1.496,1.733,2.24
2016-05-04,0.757,0.894,1.009,1.226,1.436,1.68,2.189
2016-05-05,0.758,0.9,1.001,1.226,1.43,1.674,2.181
2016-05-06,0.754,0.884,0.997,1.2,1.41,1.64,2.149
2016-05-09,0.733,0.849,0.945,1.154,1.36,1.604,2.132
2016-05-10,0.735,0.844,0.948,1.151,1.35,1.598,2.123
2016-05-11,0.738,0.864,0.959,1.164,1.365,1.605,2.12
2016-05-12,0.742,0.863,0.952,1.161,1.357,1.601,2.11
2016-05-13,0.749,0.873,0.978,1.175,1.372,1.605,2.119
2016-05-16,0.764,0.903,1.005,1.193,1.379,1.599,2.096
2016-05-17,0.764,0.91,1.016,1.204,1.387,1.609,2.108
2016-05-19,0.81,0.968,1.086,1.28,1.463,1.683,2.159
2016-05-20,0.848,1.006,1.131,1.329,1.491,1.704,2.148
2016-05-23,0.86,1.024,1.142,1.337,1.511,1.712,2.157
2016-05-24,0.867,1.04,1.165,1.346,1.513,1.713,2.162
2016-05-25,0.872,1.057,1.178,1.365,1.515,1.715,2.16
2016-05-26,0.872,1.057,1.18,1.365,1.52,1.715,2.16
2016-05-27,0.872,1.057,1.178,1.37,1.518,1.715,2.16
2016-05-31,0.872,1.057,1.178,1.358,1.518,1.717,2.16
2016-06-01,0.872,1.057,1.181,1.365,1.518,1.715,2.16
2016-06-02,0.872,1.057,1.178,1.365,1.518,1.715,2.16
2016-06-03,0.872,1.057,1.178,1.365,1.518,1.715,2.16
2016-06-06,0.872,1.057,1.175,1.365,1.515,1.715,2.16
2016-06-07,0.79,0.93,1.03,1.21,1.38,1.59,2.05
2016-06-08,0.877,1.061,1.046,1.37,1.377,1.721,2.166
2016-06-09,0.857,1.049,0.997,1.341,1.338,1.684,2.128
2016-06-10,0.867,1.045,0.989,1.342,1.317,1.691,2.135
2016-06-13,0.872,1.057,0.944,1.365,1.269,1.715,2.16
2016-06-14,0.762,0.835,0.92,1.077,1.244,1.458,1.921
2016-06-15,0.719,0.796,0.875,1.007,1.182,1.408,1.885
2016-06-16,0.692,0.757,0.878,0.979,1.176,1.381,1.899
2016-06-17,0.753,0.878,0.949,1.112,1.264,1.468,1.909
2016-06-20,0.693,0.845,0.939,1.103,1.287,1.51,1.98
2016-06-21,0.757,0.9,0.99,1.06,1.37,1.59,2.04
2016-06-22,0.78,0.891,0.988,1.186,1.365,1.572,2.031
2016-06-23,0.758,0.909,1.005,1.219,1.392,1.619,2.078
2016-06-24,0.661,0.792,0.846,1.08,1.212,1.428,1.94
2016-06-27,0.653,0.752,0.789,1.037,1.121,1.438,1.945
2016-06-28,0.663,0.738,0.807,0.977,1.105,1.343,1.808
2016-06-29,0.657,0.735,0.818,0.976,1.154,1.336,1.783
2016-06-30,0.676,0.747,0.831,1.001,1.187,1.378,1.825
2016-07-01,0.649,0.71,0.751,0.948,1.079,1.308,1.749
2016-07-04,0.672,0.749,0.802,0.988,1.107,1.346,1.792
2016-07-05,0.662,0.728,0.788,0.938,1.079,1.289,1.71
2016-07-06,0.669,0.733,0.78,0.935,1.063,1.28,1.719
2016-07-07,0.678,0.767,0.83,0.969,1.139,1.305,1.732
2016-07-08,0.712,0.785,0.839,0.973,1.13,1.283,1.709
2016-07-11,0.718,0.827,0.88,0.997,1.154,1.317,1.728
2016-07-12,0.741,0.835,0.924,1.044,1.223,1.375,1.797
2016-07-13,0.745,0.831,0.894,1.023,1.164,1.348,1.757
2016-07-14,0.756,0.843,0.929,1.071,1.21,1.396,1.8
2016-07-15,0.764,0.877,0.949,1.112,1.236,1.43,1.823
2016-07-18,0.78,0.885,0.9321,1.097,1.224,1.418,1.822
2016-07-19,0.802,0.891,0.935,1.102,1.229,1.42,1.825
2016-07-20,0.813,0.916,0.968,1.127,1.261,1.448,1.855
2016-07-21,0.83,0.935,0.994,1.143,1.311,1.457,1.848
2016-07-22,0.849,0.94,0.996,1.153,1.294,1.472,1.873
2016-07-25,0.848,0.965,1.059,1.169,1.336,1.478,1.853
2016-07-26,0.868,1.018,1.072,1.19,1.329,1.472,1.844
2016-07-27,0.867,0.965,1.052,1.176,1.287,1.449,1.827
2016-07-28,0.851,0.956,1.013,1.142,1.271,1.425,1.793
2016-07-29,0.817,0.909,0.98,1.106,1.253,1.407,1.816
2016-08-01,0.823,0.906,0.965,1.093,1.239,1.4,1.795
2016-08-02,0.832,0.924,0.992,1.122,1.291,1.446,1.846
2016-08-03,0.852,0.931,0.962,1.107,1.238,1.427,1.816
2016-08-04,0.855,0.915,0.956,1.083,1.213,1.401,1.79
2016-08-05,0.853,0.917,1.032,1.079,1.293,1.389,1.781
2016-08-08,0.9,0.998,1.061,1.201,1.332,1.491,1.854
2016-08-09,0.921,0.99,1.053,1.178,1.308,1.487,1.847
2016-08-10,0.91,0.969,1.016,1.127,1.248,1.403,1.756
2016-08-11,0.886,0.961,1.036,1.122,1.264,1.385,1.766
2016-08-12,0.893,0.935,1.02,1.084,1.253,1.407,1.735
2016-08-17,0.905,0.946,1.013,1.142,1.256,1.419,1.749
2016-08-18,0.875,0.969,1.01,1.15,1.257,1.426,1.77
2016-08-19,0.903,0.99,1.051,1.168,1.294,1.445,1.777
2016-08-22,0.916,1.018,1.082,1.206,1.297,1.478,1.769
2016-08-23,0.908,1.001,1.082,1.158,1.287,1.403,1.698
2016-08-24,0.919,0.998,1.049,1.158,1.265,1.403,1.685
2016-08-25,0.892,0.983,1.069,1.136,1.269,1.399,1.679
2016-08-26,0.916,1.002,1.067,1.173,1.283,1.422,1.709
2016-08-29,0.959,1.065,1.109,1.228,1.309,1.446,1.695
2016-08-30,0.939,1.033,1.084,1.185,1.284,1.403,1.642
2016-08-31,0.936,1.014,1.063,1.173,1.276,1.398,1.658
2016-09-01,0.949,1.041,1.106,1.225,1.328,1.444,1.69
2016-09-02,0.923,0.996,1.058,1.18,1.286,1.415,1.677
2016-09-05,0.936,1.018,1.077,1.196,1.307,1.438,1.705
2016-09-06,0.926,1.006,1.067,1.187,1.293,1.422,1.68
2016-09-07,0.9,0.946,0.996,1.106,1.21,1.352,1.626
2016-09-08,0.903,0.97,1.032,1.151,1.262,1.4,1.692
2016-09-09,0.918,1.022,1.092,1.223,1.345,1.486,1.786
2016-09-12,0.91,1.01,1.087,1.223,1.356,1.51,1.813
2016-09-13,0.916,0.994,1.077,1.198,1.335,1.495,1.802
2016-09-14,0.972,1.006,1.093,1.229,1.374,1.547,1.88
2016-09-15,0.949,0.97,1.054,1.202,1.353,1.536,1.898
2016-09-16,0.952,0.966,1.038,1.18,1.322,1.51,1.859
2016-09-19,0.949,1.002,1.088,1.22,1.36,1.537,1.867
2016-09-20,0.949,1.007,1.086,1.21,1.351,1.53,1.864
2016-09-21,0.954,0.998,1.075,1.189,1.317,1.485,1.798
2016-09-22,0.921,0.994,1.059,1.164,1.282,1.445,1.75
2016-09-23,0.928,0.99,1.059,1.158,1.274,1.438,1.75
2016-09-26,0.921,0.966,1.032,1.135,1.257,1.429,1.752
2016-09-27,0.921,0.97,1.016,1.127,1.229,1.392,1.705
2016-09-28,0.934,0.986,1.027,1.144,1.26,1.416,1.727
2016-09-29,0.928,0.95,0.992,1.104,1.217,1.378,1.691
2016-09-30,0.923,0.95,0.992,1.107,1.215,1.381,1.694
2016-10-03,0.967,1.018,1.073,1.19,1.305,1.461,1.768
2016-10-04,0.985,1.046,1.1,1.221,1.345,1.511,1.823
2016-10-05,0.985,1.058,1.121,1.248,1.374,1.539,1.851
2016-10-06,0.982,1.074,1.152,1.278,1.407,1.564,1.865
2016-10-07,0.982,1.058,1.143,1.26,1.388,1.553,1.875
2016-10-10,0.985,1.086,1.176,1.299,1.429,1.592,1.908
2016-10-11,1.033,1.095,1.185,1.303,1.431,1.599,1.925
2016-10-12,1.026,1.067,1.16,1.268,1.396,1.571,1.885
2016-10-13,0.998,1.075,1.173,1.28,1.413,1.594,1.919
2016-10-14,1.003,1.071,1.165,1.275,1.413,1.601,1.941
2016-10-17,0.992,1.039,1.139,1.262,1.403,1.607,1.958
2016-10-18,0.987,1.023,1.117,1.231,1.37,1.571,1.919
2016-10-19,0.982,1.027,1.123,1.234,1.375,1.577,1.926
2016-10-20,0.987,1.047,1.141,1.251,1.382,1.579,1.912
2016-10-21,0.995,1.047,1.141,1.243,1.37,1.566,1.906
2016-10-24,0.995,1.064,1.155,1.273,1.394,1.593,1.932
2016-10-25,1.005,1.081,1.157,1.269,1.382,1.577,1.912
2016-10-26,1.005,1.096,1.184,1.313,1.44,1.632,1.968
2016-10-27,1.005,1.108,1.203,1.347,1.4963,1.686,2.031
2016-10-28,0.997,1.077,1.168,1.326,1.477,1.679,2.036
2016-10-31,0.99,1.073,1.165,1.323,1.477,1.675,2.02
2016-11-01,0.99,1.049,1.138,1.284,1.441,1.647,1.987
2016-11-02,0.977,1.045,1.13,1.265,1.42,1.631,1.985
2016-11-03,0.979,1.038,1.125,1.258,1.406,1.626,1.996
2016-11-04,0.967,1.038,1.125,1.258,1.406,1.626,1.996
2016-11-07,0.974,1.042,1.141,1.287,1.441,1.653,2.013
2016-11-08,0.982,0.958,1.049,1.179,1.336,1.575,1.979
2016-11-09,1.062,1.107,1.264,1.461,1.655,1.863,2.177
2016-11-10,1.069,1.139,1.322,1.549,1.747,1.968,2.365
2016-11-14,1.118,1.225,1.432,1.655,1.849,2.051,2.385
2016-11-15,1.103,1.225,1.443,1.669,1.857,2.054,2.38
2016-11-16,1.092,1.217,1.422,1.648,1.835,2.03,2.34
2016-11-17,1.11,1.28,1.506,1.771,1.966,2.161,2.455
2016-11-18,1.097,1.255,1.476,1.73,1.922,2.12,2.409
2016-11-21,1.102,1.311,1.517,1.781,1.954,2.144,2.41
2016-11-22,1.113,1.319,1.517,1.778,1.949,2.137,2.401
2016-11-23,1.126,1.353,1.556,1.84,2.0,2.185,2.442
2016-11-24,1.124,1.379,1.606,1.891,2.057,2.229,2.474
2016-11-25,1.136,1.347,1.556,1.84,2.02,2.19,2.428
2016-11-28,1.115,1.323,1.522,1.793,1.965,2.144,2.401
2016-11-29,1.108,1.319,1.514,1.789,1.958,2.134,2.375
2016-11-30,1.12,1.343,1.564,1.85,2.04,2.22,2.467
2016-12-01,1.12,1.36,1.581,1.879,2.067,2.257,2.509
2016-12-02,1.12,1.328,1.548,1.831,2.026,2.222,2.491
2016-12-05,1.136,1.348,1.566,1.841,2.028,2.221,2.482
2016-12-06,1.19,1.34,1.558,1.842,2.03,2.226,2.501
2016-12-07,1.18,1.32,1.528,1.798,1.984,2.176,2.45
2016-12-08,1.185,1.345,1.565,1.861,2.067,2.268,2.555
2016-12-09,1.2,1.357,1.579,1.887,2.094,2.296,2.575
2016-12-12,1.195,1.365,1.586,1.879,2.079,2.296,2.57
2016-12-13,1.208,1.382,1.62,1.901,2.082,2.289,2.539
2016-12-14,1.259,1.488,1.747,2.05,2.217,2.405,2.592
2016-12-15,1.254,1.492,1.768,2.083,2.238,2.412,2.576
2016-12-16,1.203,1.521,1.768,2.107,2.317,2.504,2.749
2016-12-19,1.187,1.496,1.739,2.072,2.281,2.473,2.72
2016-12-20,1.183,1.496,1.741,2.064,2.268,2.46,2.708
2016-12-21,1.186,1.481,1.72,2.052,2.253,2.436,2.673
2016-12-22,1.201,1.495,1.74,2.066,2.264,2.449,2.687
2016-12-23,1.201,1.496,1.732,2.053,2.249,2.432,2.671
2016-12-27,1.204,1.512,1.752,2.08,2.274,2.455,2.691
2016-12-28,1.193,1.49,1.716,2.0,2.204,2.388,2.643
2016-12-29,1.181,1.473,1.701,1.985,2.182,2.37,2.619
2016-12-30,1.181,1.457,1.679,1.977,2.156,2.338,2.58
2017-01-03,1.189,1.472,1.689,1.965,2.143,2.311,2.536
2017-01-04,1.18,1.449,1.658,1.921,2.101,2.267,2.501
2017-01-05,1.188,1.436,1.631,1.886,2.062,2.23,2.459
2017-01-06,1.202,1.477,1.695,1.961,2.131,2.291,2.519
2017-01-09,1.202,1.473,1.695,1.928,2.131,2.258,2.489
2017-01-10,1.211,1.48,1.679,1.934,2.099,2.257,2.486
2017-01-11,1.21,1.455,1.647,1.892,2.061,2.214,2.439
2017-01-12,1.211,1.472,1.669,1.92,2.087,2.251,2.496
2017-01-13,1.213,1.484,1.677,1.924,2.087,2.251,2.487
2017-01-17,1.208,1.462,1.649,1.892,2.058,2.223,2.464
2017-01-18,1.247,1.515,1.717,1.975,2.138,2.3,2.52
2017-01-19,1.257,1.521,1.729,2.01,2.186,2.359,2.58
2017-01-20,1.259,1.533,1.751,2.032,2.211,2.383,2.592
2017-01-23,1.223,1.479,1.665,1.938,2.117,2.297,2.547
2017-01-24,1.232,1.505,1.7,1.985,2.172,2.355,2.611
2017-01-25,1.254,1.517,1.733,2.039,2.242,2.425,2.696
2017-01-26,1.25,1.522,1.734,2.034,2.231,2.419,2.681
2017-01-27,1.255,1.51,1.726,2.022,2.219,2.404,2.674
2017-01-30,1.239,1.502,1.706,1.994,2.187,2.375,2.645
2017-01-31,1.239,1.512,1.721,2.006,2.196,2.387,2.657
2017-02-01,1.244,1.501,1.702,1.989,2.182,2.377,2.655
2017-02-02,1.244,1.517,1.73,2.013,2.204,2.395,2.677
2017-02-03,1.237,1.506,1.707,1.994,2.192,2.389,2.681
2017-02-06,1.213,1.472,1.665,1.931,2.125,2.329,2.637
2017-02-07,1.231,1.483,1.676,1.945,2.134,2.321,2.606
2017-02-08,1.21,1.458,1.64,1.906,2.091,2.276,2.545
2017-02-09,1.24,1.503,1.693,1.972,2.159,2.338,2.597
2017-02-10,1.246,1.507,1.703,1.974,2.156,2.337,2.593
2017-02-13,1.263,1.525,1.728,2.01,2.192,2.373,2.631
2017-02-14,1.277,1.558,1.766,2.05,2.233,2.41,2.66
2017-02-15,1.301,1.577,1.784,2.061,2.236,2.414,2.666
2017-02-16,1.291,1.58,1.77,2.043,2.224,2.402,2.67
2017-02-17,1.276,1.547,1.742,1.995,2.168,2.353,2.606
2017-02-20,1.297,1.572,1.766,2.038,2.22,2.401,2.67
2017-02-21,1.309,1.606,1.784,2.061,2.247,2.428,2.695
2017-02-22,1.302,1.563,1.757,2.022,2.201,2.385,2.658
2017-02-23,1.282,1.543,1.728,1.985,2.173,2.353,2.64
2017-02-24,1.261,1.523,1.689,1.947,2.124,2.323,2.61
2017-02-27,1.292,1.558,1.749,2.0,2.173,2.352,2.608
2017-02-28,1.386,1.646,1.837,2.088,2.246,2.402,2.647
2017-03-01,1.347,1.622,1.807,2.076,2.253,2.424,2.68
2017-03-02,1.372,1.649,1.863,2.124,2.29,2.455,2.692
2017-03-03,1.347,1.652,1.863,2.124,2.297,2.459,2.695
2017-03-06,1.333,1.638,1.855,2.117,2.29,2.454,2.7
2017-03-07,1.48,1.646,1.855,2.124,2.294,2.459,2.697
2017-03-08,1.36,1.675,1.901,2.181,2.356,2.524,2.754
2017-03-09,1.37,1.69,1.924,2.205,2.369,2.522,2.762
2017-03-10,1.38,1.676,1.916,2.176,2.345,2.532,2.763
2017-03-13,1.403,1.714,1.941,2.232,2.415,2.59,2.82
2017-03-14,1.399,1.719,1.942,2.232,2.401,2.568,2.797
2017-03-15,1.378,1.646,1.847,2.113,2.293,2.468,2.725
2017-03-16,1.391,1.67,1.881,2.15,2.328,2.499,2.757
2017-03-17,1.369,1.626,1.85,2.103,2.286,2.473,2.729
2017-03-20,1.375,1.637,1.845,2.102,2.276,2.444,2.71
2017-03-21,1.38,1.615,1.803,2.05,2.213,2.376,2.642
2017-03-22,1.361,1.611,1.796,2.044,2.208,2.372,2.628
2017-03-23,1.36,1.638,1.827,2.075,2.237,2.405,2.66
2017-03-24,1.356,1.625,1.81,2.048,2.218,2.39,2.639
2017-03-27,1.372,1.617,1.786,2.03,2.186,2.346,2.592
2017-03-28,1.398,1.629,1.822,2.082,2.235,2.396,2.647
2017-03-29,1.349,1.613,1.81,2.051,2.233,2.343,2.622
2017-03-30,1.362,1.634,1.827,2.079,2.241,2.406,2.66
2017-03-31,1.375,1.601,1.762,2.031,2.196,2.371,2.645
2017-04-03,1.35,1.597,1.758,1.984,2.149,2.316,2.584
2017-04-04,1.349,1.59,1.758,1.993,2.161,2.333,2.605
2017-04-05,1.367,1.569,1.727,1.967,2.137,2.316,2.597
2017-04-06,1.37,1.598,1.753,1.998,2.163,2.331,2.618
2017-04-07,1.395,1.6282,1.791,2.0343,2.187,2.356,2.6136
2017-04-10,1.364,1.568,1.79,1.965,2.132,2.304,2.572
2017-04-11,1.358,1.558,1.733,1.954,2.124,2.29,2.556
2017-04-12,1.346,1.528,1.662,1.864,2.017,2.192,2.474
2017-04-13,1.342,1.535,1.669,1.886,2.035,2.21,2.489
2017-04-17,1.334,1.525,1.664,1.879,2.034,2.203,2.485
2017-04-18,1.308,1.49,1.621,1.824,2.074,2.138,2.422
2017-04-19,1.312,1.493,1.637,1.844,1.998,2.16,2.426
2017-04-20,1.347,1.526,1.676,1.892,2.047,2.209,2.462
2017-04-21,1.339,1.513,1.66,1.878,2.033,2.199,2.457
2017-04-24,1.388,1.573,1.716,1.934,2.091,2.253,2.5
2017-04-25,1.426,1.623,1.766,1.99,2.154,2.319,2.573
2017-04-26,1.387,1.594,1.745,1.969,2.127,2.296,2.548
2017-04-27,1.369,1.563,1.713,1.936,2.098,2.265,2.532
2017-04-28,1.374,1.577,1.726,1.939,2.097,2.262,2.523
2017-05-01,1.371,1.58,1.738,1.96,2.121,2.287,2.554
2017-05-02,1.368,1.567,1.715,1.929,2.083,2.251,2.522
2017-05-03,1.374,1.585,1.741,1.959,2.12,2.275,2.524
2017-05-04,1.382,1.585,1.739,1.959,2.115,2.275,2.524
2017-05-05,1.402,1.598,1.76,1.977,2.129,2.289,2.531
2017-05-08,1.399,1.614,1.776,1.998,2.159,2.32,2.573
2017-05-09,1.407,1.631,1.796,2.009,2.18,2.326,2.58
2017-05-10,1.391,1.614,1.788,1.997,2.154,2.319,2.565
2017-05-11,1.385,1.592,1.749,1.975,2.133,2.302,2.555
2017-05-12,1.3406,1.535,1.69,1.913,2.074,2.25,2.529
2017-05-15,1.342,1.534,1.679,1.905,2.069,2.245,2.52
2017-05-16,1.35,1.535,1.7,1.92,2.082,2.258,2.539
2017-05-17,1.314,1.483,1.618,1.822,1.982,2.155,2.441
2017-05-18,1.329,1.503,1.634,1.835,1.986,2.154,2.425
2017-05-19,1.334,1.503,1.634,1.84,1.986,2.161,2.424
2017-05-22,1.341,1.513,1.664,1.869,2.023,2.204,2.454
2017-05-23,1.338,1.512,1.652,1.839,1.996,2.168,2.434
2017-05-24,1.38,1.546,1.687,1.895,2.051,2.215,2.475
2017-05-25,1.348,1.523,1.653,1.862,2.021,2.196,2.482
2017-05-26,1.349,1.528,1.669,1.865,2.028,2.187,2.46
2017-05-30,1.338,1.517,1.65,1.85,2.009,2.169,2.44
2017-05-31,1.344,1.525,1.654,1.848,1.998,2.164,2.448
2017-06-01,1.357,1.536,1.673,1.855,2.009,2.177,2.448
2017-06-02,1.359,1.525,1.656,1.847,1.991,2.159,2.428
2017-06-05,1.343,1.509,1.627,1.801,1.948,2.113,2.39
2017-06-06,1.352,1.487,1.608,1.773,1.92,2.079,2.358
2017-06-07,1.358,1.512,1.622,1.802,1.943,2.107,2.38
2017-06-08,1.37,1.535,1.664,1.853,1.999,2.171,2.429
2017-06-09,1.364,1.562,1.694,1.899,2.029,2.204,2.459
2017-06-12,1.387,1.552,1.733,1.855,1.997,2.161,2.434
2017-06-13,1.403,1.577,1.682,1.869,2.016,2.181,2.452
2017-06-14,1.374,1.535,1.649,1.809,1.949,2.112,2.399
2017-06-15,1.353,1.507,1.617,1.79,1.938,2.097,2.394
2017-06-16,1.383,1.524,1.649,1.834,1.973,2.137,2.421
2017-06-19,1.378,1.548,1.663,1.839,1.975,2.135,2.402
2017-06-20,1.437,1.558,1.666,1.836,1.973,2.133,2.407
2017-06-21,1.42,1.551,1.676,1.861,2.0,2.167,2.435
2017-06-22,1.383,1.548,1.644,1.813,1.951,2.106,2.378
2017-06-23,1.408,1.542,1.644,1.817,1.95,2.114,2.382
2017-06-26,1.408,1.538,1.644,1.81,1.943,2.102,2.36
2017-06-27,1.417,1.572,1.684,1.878,2.011,2.172,2.434
2017-06-28,1.417,1.572,1.684,1.878,2.011,2.172,2.434
2017-06-29,1.428,1.59,1.712,1.917,2.076,2.249,2.525
2017-06-30,1.436,1.582,1.703,1.914,2.074,2.247,2.525
2017-07-03,1.465,1.644,1.781,1.997,2.157,2.32,2.574
2017-07-05,1.458,1.642,1.782,1.984,2.142,2.303,2.568
2017-07-06,1.444,1.661,1.809,2.025,2.191,2.358,2.617
2017-07-07,1.458,1.663,1.796,2.038,2.205,2.378,2.666
2017-07-10,1.447,1.644,1.791,2.009,2.174,2.345,2.601
2017-07-11,1.442,1.621,1.772,1.974,2.142,2.312,2.583
2017-07-12,1.446,1.619,1.743,1.952,2.123,2.285,2.57
2017-07-13,1.442,1.612,1.744,1.956,2.12,2.298,2.576
2017-07-14,1.399,1.573,1.707,1.897,2.057,2.239,2.539
2017-07-17,1.43,1.595,1.713,1.909,2.067,2.247,2.548
2017-07-18,1.474,1.592,1.707,1.89,2.044,2.215,2.506
2017-07-19,1.435,1.589,1.712,1.896,2.054,2.228,2.529
2017-07-20,1.45,1.602,1.711,1.9,2.058,2.227,2.52
2017-07-21,1.453,1.597,1.703,1.89,2.041,2.211,2.507
2017-07-24,1.459,1.605,1.711,1.893,2.041,2.21,2.515
2017-07-25,1.456,1.633,1.74,1.941,2.102,2.282,2.588
2017-07-26,1.429,1.597,1.712,1.899,2.058,2.238,2.548
2017-07-27,1.437,1.601,1.729,1.925,2.092,2.274,2.597
2017-07-28,1.44,1.591,1.71,1.904,2.068,2.248,2.555
2017-07-31,1.427,1.6,1.724,1.914,2.083,2.253,2.56
2017-08-01,1.435,1.594,1.703,1.886,2.046,2.222,2.522
2017-08-02,1.473,1.606,1.708,1.889,2.049,2.225,2.527
2017-08-03,1.445,1.591,1.697,1.871,2.023,2.196,2.49
2017-08-04,1.446,1.605,1.715,1.895,2.054,2.229,2.527
2017-08-07,1.445,1.601,1.713,1.887,2.045,2.217,2.511
2017-08-08,1.447,1.596,1.745,1.877,2.032,2.206,2.509
2017-08-09,1.462,1.608,1.715,1.891,2.05,2.217,2.512
2017-08-10,1.431,1.581,1.689,1.851,1.999,2.16,2.453
2017-08-11,1.43,1.554,1.656,1.827,1.979,2.151,2.457
2017-08-14,1.446,1.589,1.699,1.879,2.034,2.207,2.505
2017-08-15,1.466,1.604,1.708,1.889,2.044,2.218,2.508
2017-08-16,1.451,1.588,1.687,1.857,2.003,2.177,2.472
2017-08-17,1.459,1.58,1.678,1.839,1.986,2.153,2.441
2017-08-18,1.451,1.567,1.664,1.819,1.967,2.132,2.426
2017-08-21,1.438,1.572,1.665,1.825,1.973,2.136,2.425
2017-08-22,1.4335,1.575,1.675,1.8356,1.985,2.1509,2.438
2017-08-23,1.458,1.562,1.657,1.81,1.953,2.118,2.403
2017-08-24,1.448,1.573,1.671,1.831,1.971,2.136,2.421
2017-08-25,1.452,1.564,1.661,1.815,1.949,2.113,2.398
2017-08-28,1.546,1.555,1.618,1.75,1.905,2.069,2.371
2017-08-29,1.418,1.532,1.618,1.774,1.926,2.085,2.394
2017-08-30,1.425,1.539,1.628,1.788,1.93,2.098,2.391
2017-08-31,1.425,1.541,1.623,1.785,1.919,2.075,2.386
2017-09-01,1.423,1.55,1.647,1.799,1.95,2.1157,2.432
2017-09-05,1.404,1.506,1.586,1.712,1.851,2.02,2.338
2017-09-06,1.413,1.526,1.602,1.748,1.886,2.054,2.372
2017-09-07,1.406,1.504,1.574,1.708,1.84,2.007,2.317
2017-09-08,1.404,1.509,1.571,1.716,1.836,2.008,2.329
2017-09-11,1.422,1.546,1.652,1.787,1.922,2.086,2.388
2017-09-12,1.424,1.559,1.653,1.806,1.947,2.108,2.41
2017-09-13,1.459,1.589,1.687,1.839,1.978,2.148,2.451
2017-09-14,1.467,1.614,1.708,1.859,1.998,2.151,2.433
2017-09-15,1.486,1.615,1.722,1.864,2.012,2.148,2.444
2017-09-18,1.494,1.653,1.751,1.902,2.037,2.187,2.46
2017-09-19,1.507,1.665,1.76,1.916,2.054,2.209,2.48
2017-09-20,1.535,1.696,1.805,1.961,2.091,2.238,2.491
2017-09-21,1.526,1.703,1.803,1.953,2.076,2.227,2.473
2017-09-22,1.52,1.68,1.79,1.927,2.053,2.201,2.463
2017-09-25,1.528,1.691,1.789,1.919,2.04,2.183,2.447
2017-09-26,1.53,1.746,1.808,1.945,2.067,2.199,2.455
2017-09-27,1.55,1.739,1.847,2.041,2.143,2.296,2.552
2017-09-28,1.543,1.714,1.819,1.983,2.134,2.278,2.545
2017-09-29,1.538,1.713,1.818,1.999,2.133,2.284,2.555
2017-10-02,1.548,1.744,1.861,2.023,2.161,2.309,2.561
2017-10-03,1.548,1.732,1.842,1.99,2.127,2.276,2.541
2017-10-04,1.561,1.745,1.85,1.998,2.136,2.285,2.549
2017-10-05,1.561,1.765,1.875,2.027,2.156,2.307,2.564
2017-10-06,1.574,1.787,1.899,2.07,2.2,2.337,2.592
2017-10-09,1.578,1.778,1.897,2.047,2.178,2.325,2.578
2017-10-10,1.573,1.775,1.892,2.043,2.17,2.314,2.566
2017-10-11,1.569,1.77,1.913,2.023,2.146,2.292,2.552
2017-10-12,1.582,1.777,1.888,2.025,2.144,2.282,2.529
2017-10-13,1.579,1.749,1.847,1.972,2.095,2.241,2.51
2017-10-16,1.594,1.761,1.876,2.005,2.126,2.27,2.519
2017-10-17,1.594,1.807,1.911,2.043,2.151,2.281,2.509
2017-10-18,1.593,1.813,1.934,2.073,2.185,2.316,2.547
2017-10-19,1.571,1.8,1.92,2.073,2.196,2.33,2.565
2017-10-20,1.592,1.811,1.934,2.091,2.215,2.35,2.587
2017-10-23,1.6,1.797,1.924,2.077,2.206,2.345,2.587
2017-10-24,1.602,1.852,1.951,2.119,2.252,2.397,2.644
2017-10-25,1.608,1.816,1.945,2.109,2.255,2.401,2.651
2017-10-26,1.615,1.844,1.979,2.147,2.283,2.429,2.673
2017-10-27,1.628,1.846,1.979,2.146,2.28,2.422,2.655
2017-10-30,1.595,1.799,1.919,2.068,2.196,2.34,2.588
2017-10-31,1.609,1.826,1.947,2.096,2.217,2.357,2.592
2017-11-01,1.619,1.82,1.933,2.077,2.201,2.338,2.579
2017-11-02,1.613,1.821,1.933,2.075,2.194,2.328,2.57
2017-11-03,1.639,1.83,1.944,2.075,2.195,2.326,2.571
2017-11-06,1.639,1.819,1.937,2.065,2.177,2.3,2.529
2017-11-07,1.642,1.837,1.938,2.057,2.162,2.284,2.507
2017-11-08,1.656,1.847,1.951,2.08,2.189,2.309,2.53
2017-11-09,1.646,1.84,1.943,2.084,2.201,2.326,2.553
2017-11-10,1.668,1.875,1.984,2.116,2.244,2.377,2.604
2017-11-13,1.672,1.882,1.997,2.147,2.259,2.391,2.621
2017-11-14,1.683,1.873,1.977,2.107,2.216,2.341,2.57
2017-11-15,1.667,1.871,1.98,2.107,2.21,2.335,2.547
2017-11-16,1.689,1.891,1.99,2.118,2.225,2.351,2.573
2017-11-17,1.692,1.88,1.991,2.105,2.203,2.327,2.549
2017-11-20,1.704,1.918,2.026,2.145,2.074,2.357,2.563
2017-11-21,1.701,1.895,2.018,2.137,2.22,2.33,2.538
2017-11-22,1.7123,1.9037,2.003,2.1147,2.204,2.3187,2.5242
2017-11-24,1.734,1.92,2.031,2.142,2.227,2.344,2.545
2017-11-27,1.739,1.92,2.007,2.121,2.211,2.323,2.538
2017-11-28,1.737,1.925,2.018,2.124,2.212,2.321,2.527
2017-11-29,1.73,1.935,2.023,2.149,2.24,2.352,2.574
2017-11-30,1.775,1.954,2.057,2.178,2.273,2.389,2.597
2017-12-01,1.775,1.954,2.057,2.178,2.273,2.389,2.597
2017-12-02,1.792,1.981,2.092,2.204,2.288,2.391,2.575
2017-12-04,1.8,1.989,2.093,2.207,2.291,2.394,2.573
2017-12-05,1.781,1.991,2.091,2.195,2.27,2.367,2.537
2017-12-06,1.771,1.975,2.074,2.173,2.256,2.348,2.52
2017-12-07,1.788,1.994,2.096,2.203,2.281,2.384,2.553
2017-12-08,1.788,1.986,2.09,2.204,2.288,2.398,2.572
2017-12-11,1.809,2.014,2.115,2.217,2.295,2.394,2.57
2017-12-12,1.816,2.024,2.115,2.223,2.29,2.385,2.568
2017-12-13,1.812,1.996,2.085,2.188,2.264,2.364,2.537
2017-12-14,1.836,2.019,2.13,2.235,2.309,2.396,2.561
2017-12-15,1.832,2.035,2.113,2.212,2.261,2.354,2.497
2017-12-18,1.843,2.034,2.131,2.222,2.293,2.383,2.545
2017-12-19,1.863,2.058,2.155,2.258,2.34,2.432,2.602
2017-12-20,1.867,2.063,2.163,2.272,2.357,2.461,2.637
2017-12-21,1.868,2.062,2.178,2.288,2.366,2.47,2.625
2017-12-22,1.897,2.0956,2.207,2.294,2.38,2.459,2.618
2017-12-26,1.898,2.098,2.2,2.292,2.361,2.449,2.588
2017-12-27,1.895,2.094,2.2,2.287,2.362,2.45,2.593
2017-12-28,1.906,2.094,2.2,2.287,2.36,2.45,2.59
2018-01-02,1.931,2.094,2.2,2.287,2.354,2.448,2.584
2018-01-03,1.915,2.127,2.22,2.297,2.352,2.445,2.591
2018-01-04,1.926,2.133,2.231,2.315,2.377,2.454,2.594
2018-01-05,1.929,2.148,2.248,2.333,2.39,2.469,2.608
2018-01-08,1.949,2.145,2.248,2.332,2.394,2.471,2.611
2018-01-09,1.931,2.157,2.268,2.374,2.451,2.541,2.688
2018-01-10,1.952,2.17,2.264,2.356,2.432,2.515,2.66
2018-01-11,1.971,2.184,2.275,2.372,2.441,2.534,2.662
2018-01-12,1.99,2.208,2.333,2.43,2.504,2.594,2.679
2018-01-16,1.99,2.227,2.333,2.424,2.489,2.561,2.669
2018-01-17,2.015,2.247,2.35,2.455,2.519,2.595,2.685
2018-01-18,2.023,2.252,2.356,2.467,2.539,2.619,2.718
2018-01-19,2.012,2.26,2.366,2.481,2.551,2.639,2.748
2018-01-22,2.021,2.261,2.391,2.519,2.604,2.694,2.8
2018-01-23,1.998,2.238,2.366,2.487,2.564,2.651,2.764
2018-01-24,2.018,2.254,2.379,2.492,2.576,2.664,2.784
2018-01-25,2.018,2.277,2.379,2.496,2.576,2.641,2.736
2018-01-26,2.035,2.299,2.392,2.521,2.564,2.656,2.738
2018-01-29,2.037,2.309,2.426,2.567,2.608,2.732,2.82
2018-01-30,2.056,2.306,2.437,2.566,2.648,2.729,2.813
2018-01-31,2.054,2.319,2.451,2.572,2.646,2.725,2.798
2018-02-01,2.089,2.364,2.521,2.661,2.747,2.829,2.907
2018-02-02,2.089,2.364,2.535,2.686,2.78,2.867,2.938
2018-02-05,2.064,2.241,2.361,2.498,2.603,2.719,2.841
2018-02-06,2.086,2.327,2.495,2.613,2.706,2.808,2.909
2018-02-07,2.088,2.329,2.477,2.638,2.743,2.847,2.958
2018-02-08,2.107,2.345,2.482,2.635,2.74,2.851,2.963
2018-02-09,2.1,2.308,2.463,2.643,2.756,2.861,2.973
2018-02-12,2.1,2.308,2.463,2.643,2.756,2.861,2.973
2018-02-13,2.123,2.351,2.478,2.623,2.723,2.825,2.921
2018-02-14,2.189,2.454,2.606,2.754,2.841,2.928,2.998
2018-02-15,2.203,2.483,2.614,2.751,2.833,2.919,2.997
2018-02-16,2.213,2.47,2.595,2.722,2.8,2.883,2.954
2018-02-19,2.195,2.462,2.592,2.727,2.806,2.893,2.979
2018-02-20,2.245,2.493,2.626,2.748,2.822,2.901,2.985
2018-02-21,2.209,2.498,2.637,2.752,2.835,2.915,2.995
2018-02-22,2.262,2.509,2.65,2.779,2.857,2.945,3.05
2018-02-23,2.254,2.497,2.631,2.75,2.824,2.907,3.004
2018-02-26,2.261,2.503,2.611,2.723,2.793,2.868,2.958
2018-02-27,2.294,2.558,2.684,2.791,2.851,2.917,2.982
2018-02-28,2.294,2.538,2.684,2.755,2.851,2.88,2.948
2018-03-01,2.236,2.474,2.586,2.678,2.749,2.815,2.896
2018-03-02,2.257,2.486,2.597,2.699,2.773,2.844,2.933
2018-03-05,2.269,2.512,2.634,2.751,2.817,2.896,2.965
2018-03-06,2.268,2.522,2.645,2.749,2.855,2.879,2.954
2018-03-07,2.292,2.528,2.646,2.755,2.825,2.9,2.98
2018-03-08,2.29,2.536,2.654,2.755,2.818,2.893,2.973
2018-03-09,2.2477,2.566,2.685,2.795,2.847,2.926,3.001
2018-03-12,2.28,2.586,2.715,2.795,2.847,2.913,2.984
2018-03-13,2.359,2.576,2.683,2.773,2.821,2.882,2.947
2018-03-14,2.354,2.569,2.67,2.749,2.792,2.85,2.908
2018-03-15,2.334,2.589,2.689,2.761,2.802,2.858,2.905
2018-03-16,2.356,2.612,2.716,2.804,2.834,2.895,2.946
2018-03-19,2.364,2.608,2.718,2.799,2.845,2.894,2.948
2018-03-20,2.388,2.628,2.739,2.822,2.867,2.916,2.972
2018-03-21,2.404,2.627,2.735,2.818,2.863,2.908,2.955
2018-03-22,2.386,2.593,2.68,2.751,2.795,2.848,2.913
2018-03-23,2.386,2.61,2.707,2.784,2.827,2.881,2.946
2018-03-26,2.398,2.617,2.717,2.784,2.83,2.871,2.924
2018-03-27,2.356,2.555,2.641,2.703,2.745,2.793,2.857
2018-03-28,2.374,2.566,2.639,2.713,2.728,2.792,2.838
2018-03-29,2.394,2.571,2.651,2.704,2.734,2.777,2.824
2018-03-30,2.395,2.575,2.651,2.704,2.734,2.779,2.822
2018-04-02,2.4,2.587,2.676,2.733,2.763,2.808,2.856
2018-04-03,2.414,2.584,2.672,2.732,2.762,2.809,2.853
2018-04-04,2.395,2.613,2.703,2.766,2.799,2.842,2.883
2018-04-05,2.401,2.604,2.694,2.738,2.78,2.831,2.887
2018-04-06,2.409,2.592,2.686,2.72,2.768,2.813,2.873
2018-04-09,2.409,2.605,2.688,2.75,2.781,2.828,2.876
2018-04-10,2.41,2.601,2.688,2.743,2.776,2.822,2.871
2018-04-11,2.427,2.617,2.693,2.748,2.774,2.812,2.86
2018-04-12,2.467,2.657,2.735,2.789,2.82,2.859,2.9
2018-04-13,2.456,2.658,2.743,2.792,2.822,2.865,2.888
2018-04-16,2.468,2.683,2.767,2.815,2.837,2.865,2.896
2018-04-17,2.489,2.691,2.771,2.817,2.836,2.869,2.898
2018-04-18,2.489,2.712,2.771,2.843,2.836,2.895,2.919
2018-04-19,2.495,2.719,2.811,2.874,2.905,2.942,2.968
2018-04-20,2.518,2.724,2.819,2.886,2.92,2.955,2.984
2018-04-23,2.508,2.749,2.843,2.916,2.954,2.989,3.006
2018-04-24,2.517,2.761,2.854,2.939,2.985,3.025,3.047
2018-04-25,2.518,2.757,2.857,2.968,3.009,3.06,3.09
2018-04-26,2.503,2.738,2.841,2.917,2.959,3.0,3.03
2018-04-27,2.515,2.75,2.849,2.924,2.962,3.002,3.02
2018-04-30,2.507,2.753,2.851,2.916,2.95,2.9888,3.015
2018-05-01,2.524,2.757,2.853,2.932,2.967,3.005,3.026
2018-05-02,2.533,2.756,2.865,2.919,2.963,2.998,3.034
2018-05-03,2.52,2.744,2.834,2.905,2.94,2.979,3.006
2018-05-04,2.522,2.745,2.823,2.885,2.92,2.962,2.995
2018-05-07,2.537,2.763,2.859,2.921,2.952,2.99,3.016
2018-05-08,2.528,2.778,2.886,2.948,2.983,3.023,3.04
2018-05-09,2.528,2.779,2.88,2.948,2.985,3.0,3.047
2018-05-10,2.52,2.778,2.878,2.946,2.975,3.014,3.0
2018-05-11,2.531,2.783,2.881,2.941,2.965,3.005,2.985
2018-05-14,2.497,2.758,2.865,2.948,2.979,3.031,3.045
2018-05-15,2.524,2.792,2.9063,2.977,3.043,3.097,3.116
2018-05-16,2.534,2.813,2.938,3.037,3.084,3.135,3.151
2018-05-17,2.539,2.819,2.937,3.043,3.096,3.154,3.172
2018-05-18,2.53,2.792,2.905,2.994,3.051,3.111,3.126
2018-05-21,2.524,2.801,2.912,2.99,3.035,3.089,3.109
2018-05-22,2.53,2.798,2.912,2.988,3.031,3.077,3.101
2018-05-23,2.511,2.738,2.839,2.919,2.965,3.018,3.048
2018-05-24,2.485,2.757,2.856,2.93,2.973,3.023,3.04
2018-05-25,2.485,2.721,2.809,2.879,2.92,2.972,2.995
2018-05-29,2.431,2.605,2.681,2.753,2.796,2.856,2.892
2018-05-30,2.444,2.66,2.742,2.798,2.841,2.89,2.918
2018-05-31,2.475,2.679,2.756,2.806,2.836,2.89,2.912
2018-06-01,2.503,2.746,2.819,2.894,2.91,2.97,2.988
2018-06-04,2.494,2.775,2.864,2.921,2.95,2.997,3.007
2018-06-05,2.544,2.763,2.848,2.912,2.945,2.995,3.009
2018-06-06,2.537,2.786,2.88,2.94,2.983,3.025,3.039
2018-06-07,2.553,2.794,2.886,2.951,2.988,3.036,3.047
2018-06-08,2.537,2.786,2.868,2.936,2.962,3.017,3.035
2018-06-11,2.556,2.802,2.883,2.942,2.969,3.02,3.035
2018-06-12,2.569,2.812,2.895,2.956,2.987,3.031,3.044
2018-06-13,2.584,2.825,2.915,2.961,2.987,3.013,3.013
2018-06-14,2.56,2.825,2.902,2.945,2.962,3.0,2.997
2018-06-15,2.56,2.817,2.905,2.94,2.955,2.983,2.984
2018-06-18,2.543,2.788,2.858,2.894,2.882,2.925,2.938
2018-06-19,2.578,2.805,2.875,2.914,2.93,2.959,2.964
2018-06-20,2.579,2.827,2.908,2.956,2.975,3.007,3.012
2018-06-21,2.577,2.805,2.871,2.901,2.917,2.949,2.961
2018-06-22,2.578,2.81,2.877,2.915,2.927,2.963,2.965
2018-06-25,2.573,2.792,2.862,2.895,2.918,2.948,2.957
2018-06-26,2.566,2.796,2.863,2.898,2.916,2.948,2.957
2018-06-27,2.563,2.762,2.821,2.863,2.875,2.907,2.915
2018-06-28,2.566,2.782,2.849,2.882,2.892,2.923,2.924
2018-06-29,2.574,2.79,2.852,2.877,2.882,2.914,2.911
2018-07-02,2.587,2.796,2.865,2.894,2.907,2.935,2.932
2018-07-03,2.581,2.782,2.873,2.906,2.906,2.932,2.933
2018-07-04,2.578,2.793,2.86,2.89,2.892,2.921,2.924
2018-07-05,2.593,2.806,2.871,2.888,2.895,2.916,2.905
2018-07-06,2.588,2.794,2.855,2.866,2.87,2.896,2.886
2018-07-09,2.592,2.82,2.881,2.907,2.916,2.946,2.936
2018-07-10,2.588,2.812,2.877,2.888,2.895,2.919,2.919
2018-07-11,2.61,2.825,2.883,2.899,2.907,2.928,2.927
2018-07-12,2.62,2.835,2.88,2.897,2.905,2.925,2.922
2018-07-13,2.622,2.822,2.864,2.877,2.883,2.904,2.902
2018-07-16,2.607,2.828,2.882,2.9,2.907,2.931,2.926
2018-07-17,2.615,2.843,2.893,2.905,2.91,2.932,2.927
2018-07-18,2.622,2.834,2.88,2.889,2.893,2.916,2.917
2018-07-19,2.614,2.83,2.877,2.886,2.887,2.913,2.918
2018-07-20,2.609,2.822,2.869,2.886,2.892,2.923,2.934
2018-07-23,2.615,2.851,2.919,2.951,2.97,3.005,3.013
2018-07-24,2.615,2.86,2.915,2.946,2.958,2.991,2.991
2018-07-25,2.631,2.876,2.944,2.979,3.001,3.03,3.032
2018-07-26,2.631,2.867,2.933,2.961,2.981,3.006,3.007
2018-07-27,2.631,2.872,2.938,2.961,2.982,3.011,3.024
2018-07-30,2.649,2.877,2.946,2.978,3.005,3.04,3.055
2018-07-31,2.643,2.887,2.952,2.984,3.003,3.041,3.051
2018-08-01,2.657,2.895,2.965,3.006,3.027,3.067,3.078
2018-08-02,2.655,2.897,2.959,2.999,3.022,3.06,3.075
2018-08-03,2.62,2.866,2.931,2.96,2.987,3.024,3.044
2018-08-06,2.634,2.868,2.926,2.959,2.979,3.017,3.045
2018-08-07,2.648,2.884,2.951,2.945,2.995,3.031,3.054
2018-08-08,2.645,2.874,2.931,2.958,2.978,3.008,3.041
2018-08-09,2.627,2.851,2.909,2.937,2.947,2.988,3.006
2018-08-10,2.595,2.797,2.852,2.875,2.899,2.935,2.96
2018-08-13,2.59,2.797,2.855,2.875,2.901,2.942,2.981
2018-08-14,2.595,2.81,2.867,2.888,2.903,2.943,2.968
2018-08-15,2.6,2.806,2.856,2.876,2.89,2.93,2.956
2018-08-16,2.602,2.828,2.875,2.893,2.908,2.943,2.965
2018-08-17,2.61,2.814,2.864,2.886,2.903,2.936,2.953
2018-08-20,2.588,2.798,2.845,2.859,2.873,2.908,2.936
2018-08-21,2.594,2.792,2.832,2.842,2.855,2.892,2.92
2018-08-22,2.604,2.809,2.852,2.859,2.875,2.906,2.93
2018-08-23,2.604,2.807,2.851,2.854,2.862,2.895,2.919
2018-08-24,2.891,2.806,2.842,2.848,2.859,2.891,2.911
2018-08-27,2.627,2.843,2.878,2.886,2.899,2.929,2.952
2018-08-28,2.634,2.839,2.884,2.89,2.91,2.945,2.974
2018-08-29,2.638,2.851,2.901,2.912,2.926,2.955,2.973
2018-08-30,2.675,2.847,2.891,2.901,2.911,2.944,2.965
2018-08-31,2.666,2.828,2.866,2.874,2.883,2.916,2.94
2018-09-04,2.674,2.844,2.887,2.905,2.924,2.965,2.999
2018-09-05,2.673,2.84,2.885,2.904,2.923,2.966,3.005
2018-09-06,2.67,2.83,2.869,2.883,2.901,2.944,2.985
2018-09-07,2.709,2.888,2.935,2.951,2.966,3.004,3.032
2018-09-10,2.685,2.905,2.95,2.963,2.967,2.999,3.018
2018-09-11,2.707,2.931,2.986,2.995,3.01,3.042,3.055
2018-09-12,2.694,2.936,2.984,2.999,3.01,3.037,3.047
2018-09-13,2.694,2.936,2.984,2.999,3.01,3.037,3.047
2018-09-14,2.697,2.924,2.967,2.978,2.988,3.017,3.029
2018-09-17,2.7,2.945,3.001,3.014,3.025,3.055,3.07
2018-09-18,2.705,2.953,3.007,3.03,3.043,3.078,3.096
2018-09-19,2.713,2.97,3.033,3.061,3.075,3.115,3.134
2018-09-20,2.744,2.998,3.059,3.083,3.104,3.13,3.143
2018-09-21,2.741,2.981,3.046,3.075,3.091,3.129,3.138
2018-09-24,2.744,3.015,3.062,3.092,3.115,3.152,3.16
2018-09-25,2.762,3.004,3.076,3.12,3.122,3.15,3.156
2018-09-26,2.766,2.985,3.047,3.067,3.082,3.115,3.124
2018-09-27,2.756,2.994,3.053,3.073,3.091,3.115,3.118
2018-09-28,2.759,2.993,3.051,3.073,3.09,3.122,3.135
2018-10-01,2.752,2.988,3.056,3.083,3.1,3.138,3.157
2018-10-02,2.756,2.992,3.051,3.072,3.09,3.124,3.144
2018-10-03,2.778,3.051,3.129,3.16,3.197,3.239,3.255
2018-10-04,2.785,3.039,3.115,3.151,3.187,3.235,3.258
2018-10-05,2.782,3.064,3.148,3.19,3.224,3.273,3.295
2018-10-08,2.794,3.056,3.132,3.19,3.21,3.258,3.281
2018-10-09,2.789,3.066,3.147,3.184,3.21,3.257,3.275
2018-10-10,2.77,3.019,3.106,3.121,3.151,3.202,3.237
2018-10-11,2.787,3.06,3.127,3.154,3.183,3.225,3.247
2018-10-12,2.793,3.051,3.114,3.147,3.174,3.209,3.236
2018-10-15,2.812,3.061,3.125,3.152,3.174,3.215,3.245
2018-10-16,2.811,3.071,3.133,3.164,3.184,3.229,3.255
2018-10-17,2.836,3.094,3.168,3.199,3.226,3.271,3.3
2018-10-18,2.836,3.102,3.168,3.195,3.221,3.267,3.3
2018-10-19,2.869,3.113,3.173,3.193,3.219,3.264,3.297
2018-10-22,2.85,3.095,3.145,3.17,3.192,3.24,3.282
2018-10-23,2.855,3.097,3.134,3.152,3.181,3.23,3.27
2018-10-24,2.849,3.042,3.086,3.101,3.125,3.179,3.232
2018-10-25,2.847,3.038,3.076,3.088,3.115,3.164,3.214
2018-10-26,2.835,3.018,3.051,3.059,3.085,3.139,3.199
2018-10-29,2.836,3.043,3.081,3.088,3.112,3.17,3.229
2018-10-30,2.846,3.047,3.086,3.093,3.117,3.177,3.241
2018-10-31,2.862,3.077,3.12,3.141,3.173,3.228,3.306
2018-11-01,2.872,3.069,3.105,3.12,3.147,3.205,3.273
2018-11-02,2.898,3.111,3.156,3.173,3.206,3.265,3.32
2018-11-05,2.906,3.107,3.15,3.17,3.201,3.261,3.312
2018-11-06,2.894,3.106,3.144,3.161,3.163,3.215,3.266
2018-11-07,2.917,3.143,3.194,3.209,3.236,3.289,3.335
2018-11-08,2.917,3.135,3.183,3.196,3.221,3.268,3.31
2018-11-09,2.912,3.123,3.161,3.173,3.195,3.246,3.293
2018-11-12,2.896,3.103,3.103,3.121,3.141,3.2,3.241
2018-11-13,2.896,3.098,3.097,3.111,3.134,3.193,3.244
2018-11-14,2.887,3.067,3.089,3.1,3.129,3.189,3.259
2018-11-15,2.888,3.067,3.091,3.092,3.122,3.183,3.259
2018-11-16,2.848,3.005,3.019,3.027,3.06,3.127,3.211
2018-11-19,2.85,2.984,3.004,3.021,3.055,3.123,3.203
2018-11-20,2.852,3.006,3.028,3.044,3.075,3.137,3.21
2018-11-21,2.86,2.998,3.017,3.033,3.065,3.13,3.208
2018-11-26,2.87,3.001,3.015,3.016,3.045,3.109,3.196
2018-11-27,2.881,3.012,3.027,3.025,3.052,3.112,3.19
2018-11-28,2.859,2.961,2.97,2.974,3.002,3.065,3.162
2018-11-29,2.869,2.977,2.985,2.978,3.007,3.069,3.161
2018-11-30,2.865,2.97,2.969,2.96,2.978,3.038,3.134
2018-12-03,2.894,2.982,2.973,2.942,2.951,2.999,3.066
2018-12-04,2.897,3.013,3.0,2.971,2.975,3.017,3.076
2018-12-05,2.87,2.974,2.97,2.895,2.9,2.94,3.014
2018-12-06,2.866,2.94,2.96,2.89,2.91,2.958,3.032
2018-12-07,2.822,2.88,2.84,2.82,2.84,2.905,3.001
2018-12-10,2.825,2.858,2.823,2.803,2.831,2.888,2.972
2018-12-11,2.844,2.9,2.873,2.847,2.863,2.919,2.994
2018-12-12,2.854,2.905,2.881,2.862,2.878,2.935,3.007
2018-12-13,2.847,2.892,2.865,2.845,2.874,2.931,3.005
2018-12-14,2.836,2.885,2.853,2.839,2.864,2.927,3.005
2018-12-17,2.799,2.83,2.79,2.79,2.82,2.89,2.96
2018-12-18,2.759,2.776,2.728,2.727,2.751,2.83,2.91
2018-12-19,2.79,1.895,2.727,2.697,2.716,2.769,2.831
2018-12-20,2.851,2.818,2.759,2.731,2.75,2.808,2.878
2018-12-21,2.851,2.817,2.771,2.757,2.78,2.841,2.92
2018-12-26,2.77,2.689,2.635,2.639,2.676,2.752,2.844
2018-12-27,2.759,2.694,2.646,2.652,2.687,2.761,2.847
2018-12-28,2.746,2.69,2.651,2.653,2.701,2.783,2.881
2019-12-31,2.757,2.666,2.557,2.556,2.614,2.713,2.855
2019-01-02,2.716,2.65,2.54,2.515,2.559,2.653,2.798
2019-01-03,2.657,2.58,2.49,2.462,2.511,2.601,2.73
2019-01-04,2.72,2.655,2.587,2.574,2.614,2.701,2.821
2019-01-07,2.706,2.634,2.56,2.544,2.587,2.672,2.782
2019-01-08,2.75,2.715,2.667,2.644,2.681,2.751,2.845
2019-01-09,2.364,2.911,2.821,2.77,2.779,2.888,3.296
2019-01-10,2.75,2.712,2.648,2.634,2.67,2.752,2.865
2019-01-11,2.74,2.695,2.631,2.612,2.648,2.722,2.843
2019-01-14,2.735,2.71,2.647,2.625,2.663,2.74,2.86
2019-01-15,2.735,2.7,2.643,2.62,2.658,2.738,2.863
2019-01-16,2.73,2.695,2.641,2.622,2.663,2.747,2.866
2019-01-17,2.727,2.715,2.66,2.643,2.68,2.761,2.865
2019-01-18,2.762,2.773,2.724,2.715,2.749,2.823,2.925
2019-01-22,2.747,2.732,2.683,2.663,2.699,2.775,2.877
2019-01-23,2.746,2.738,2.681,2.659,2.694,2.774,2.882
2019-01-24,2.737,2.726,2.667,2.64,2.675,2.756,2.865
2019-01-25,2.754,2.735,2.68,2.72,2.753,2.772,2.887
2019-01-28,2.742,2.73,2.674,2.654,2.687,2.767,2.882
2019-01-29,2.731,2.721,2.669,2.647,2.681,2.766,2.886
2019-01-30,2.688,2.662,2.596,2.584,2.629,2.715,2.84
2019-01-31,2.669,2.643,2.577,2.565,2.61,2.691,2.82
2019-02-01,2.682,2.648,2.598,2.59,2.631,2.711,2.835
2019-02-04,2.684,2.666,2.626,2.619,2.661,2.74,2.862
2019-02-05,2.697,2.673,2.613,2.605,2.648,2.73,2.851
2019-02-06,2.69,2.655,2.604,2.583,2.621,2.705,2.83
2019-02-07,2.667,2.623,2.57,2.559,2.6,2.684,2.82
2019-02-08,2.662,2.612,2.552,2.534,2.576,2.659,2.791
2019-02-11,2.659,2.622,2.57,2.553,2.596,2.68,2.811
2019-02-12,2.668,2.651,2.603,2.589,2.636,2.718,2.844
2019-02-13,2.669,2.663,2.616,2.602,2.64,2.724,2.848
2019-02-14,2.667,2.622,2.568,2.543,2.581,2.675,2.814
2019-02-15,2.674,2.65,2.6,2.579,2.616,2.693,2.82
2019-02-18,2.659,2.651,2.602,2.585,2.628,2.703,2.826
2019-02-19,2.659,2.651,2.602,2.585,2.628,2.703,2.826
2019-02-20,2.645,2.604,2.554,2.537,2.576,2.66,2.806
2019-02-21,2.642,2.627,2.58,2.68,2.608,2.695,2.849
2019-02-22,2.623,2.602,2.549,2.531,2.575,2.667,2.817
2019-02-25,2.633,2.619,2.571,2.555,2.599,2.695,2.845
2019-02-26,2.614,2.57,2.507,2.5,2.554,2.641,2.797
2019-02-27,2.618,2.578,2.526,2.525,2.581,2.68,2.844
2019-02-28,2.615,2.605,2.565,2.562,2.613,2.709,2.861
2019-03-01,2.637,2.642,2.608,2.611,2.665,2.767,2.923
2019-03-04,2.633,2.63,2.589,2.575,2.63,2.74,2.89
2019-03-05,2.645,2.646,2.56,2.59,2.635,2.738,2.888
2019-03-06,2.629,2.6,2.57,2.557,2.607,2.7,2.871
2019-03-07,2.622,2.597,2.54,2.518,2.572,2.665,2.83
2019-03-08,2.639,2.579,2.527,2.497,2.541,2.655,2.823
2019-03-11,2.63,2.604,2.538,2.519,2.567,2.661,2.831
2019-03-12,2.609,2.57,2.501,2.473,2.518,2.615,2.789
2019-03-13,2.608,2.585,2.522,2.497,2.544,2.64,2.816
2019-03-14,2.62,2.578,2.519,2.495,2.545,2.643,2.822
2019-03-15,2.616,2.568,2.506,2.479,2.525,2.623,2.802
2019-03-18,2.621,2.567,2.506,2.48,2.525,2.62,2.794
2019-03-19,2.615,2.578,2.515,2.485,2.53,2.625,2.794
2019-03-20,2.612,2.558,2.493,2.462,2.504,2.6,2.771
2019-03-21,2.591,2.506,2.427,2.396,2.438,2.534,2.718
2019-03-22,2.57,2.462,2.375,2.337,2.377,2.471,2.666
2019-03-25,2.537,2.411,2.314,2.281,2.333,2.434,2.63
2019-03-26,2.488,2.353,2.264,2.24,2.283,2.388,2.592
2019-03-27,2.477,2.32,2.229,2.231,2.26,2.36,2.58
2019-03-28,2.472,2.33,2.241,2.237,2.266,2.353,2.557
2019-03-29,2.509,2.386,2.303,2.286,2.327,2.41,2.584
2019-04-01,2.534,2.452,2.388,2.376,2.419,2.501,2.66
2019-04-02,2.531,2.425,2.346,2.33,2.377,2.462,2.628
2019-04-03,2.54,2.456,2.382,2.372,2.422,2.507,2.678
2019-04-04,2.536,2.446,2.375,2.36,2.411,2.496,2.671
2019-04-05,2.552,2.453,2.38,2.363,2.411,2.498,2.673
2019-04-08,2.555,2.448,2.377,2.354,2.406,2.495,2.678
2019-04-09,2.544,2.449,2.375,2.354,2.398,2.489,2.672
2019-04-10,2.524,2.43,2.358,2.336,2.86,2.482,2.667
2019-04-11,2.546,2.45,2.37,2.344,2.392,2.482,2.676
2019-04-12,2.569,2.496,2.428,2.407,2.451,2.544,2.727
2019-04-15,2.569,2.494,2.4263,2.407,2.456,2.546,2.731
2019-04-16,2.573,2.512,2.456,2.441,2.487,2.582,2.763
2019-04-17,2.569,2.502,2.446,2.441,2.491,2.587,2.767
2019-04-18,2.563,2.497,2.434,2.425,2.468,2.568,2.754
2019-04-19,2.561,2.477,2.415,2.404,2.457,2.55,2.732
2019-04-22,2.59,2.437,2.377,2.371,2.456,2.518,2.706
2019-04-23,2.53,2.449,2.392,2.391,2.449,2.552,2.742
2019-04-24,2.502,2.412,2.345,2.344,2.399,2.5,2.698
2019-04-25,2.504,2.432,2.37,2.365,2.422,2.522,2.716
2019-04-26,2.51,2.42,2.32,2.358,2.382,2.492,2.692
2019-04-29,2.476,2.399,2.339,2.345,2.406,2.509,2.715
2019-04-30,2.434,2.383,2.316,2.322,2.385,2.492,2.703
2019-05-01,2.503,2.424,2.634,2.35,2.405,2.495,2.686
2019-05-02,2.5,2.455,2.396,2.392,2.446,2.535,2.711
2019-05-03,2.52,2.445,2.385,2.377,2.427,2.517,2.687
2019-05-06,2.452,2.411,2.347,2.338,2.39,2.48,2.658
2019-05-07,2.458,2.382,2.305,2.293,2.338,2.43,2.613
2019-05-08,2.454,2.368,2.292,2.288,2.334,2.424,2.609
2019-05-09,2.436,2.351,2.284,2.272,2.316,2.419,2.616
2019-05-10,2.437,2.37,2.3,2.32,2.365,2.452,2.635
2019-05-13,2.336,2.275,2.212,2.212,2.272,2.373,2.563
2019-05-14,2.334,2.239,2.168,2.166,2.229,2.332,2.536
2019-05-15,2.398,2.278,2.204,2.203,2.26,2.357,2.547
2019-05-16,2.35,2.264,2.189,2.189,2.245,2.349,2.553
2019-05-17,2.398,2.223,2.156,2.157,2.209,2.311,2.517
2019-05-20,2.355,2.285,2.219,2.216,2.271,2.371,2.559
2019-05-21,2.405,2.313,2.242,2.233,2.285,2.38,2.57
2019-05-22,2.389,2.286,2.217,2.208,2.28,2.36,2.556
2019-05-23,2.367,2.2,2.13,2.12,2.17,2.271,2.47
2019-05-24,2.372,2.2,2.125,2.119,2.17,2.271,2.467
2019-05-28,2.347,2.163,2.079,2.065,2.119,2.221,2.425
2019-05-29,2.34,2.154,2.079,2.068,2.131,2.213,2.416
2019-05-30,2.291,2.114,2.033,2.028,2.078,2.177,2.376
2019-05-31,2.221,2.04,1.97,1.975,2.075,2.138,2.345
2019-06-03,2.052,1.88,1.812,1.841,1.964,2.029,2.258
2019-06-04,2.119,1.922,1.858,1.891,1.971,2.094,2.323
2019-06-05,2.051,1.905,1.843,1.886,1.979,2.111,2.364
2019-06-06,2.092,1.936,1.882,1.908,1.991,2.111,2.343
2019-06-07,2.086,1.917,1.867,1.883,1.958,2.076,2.312
2019-06-10,2.126,1.949,1.9,1.921,1.999,2.118,2.355
2019-06-11,2.111,1.98,1.918,1.928,1.998,2.115,2.341
2019-06-12,1.993,1.865,1.797,1.829,1.909,2.035,2.28
2019-06-13,2.055,1.884,1.818,1.837,1.916,2.04,2.276
2019-06-14,1.978,1.863,1.803,1.814,1.918,2.014,2.26
2019-06-17,2.075,1.906,1.84,1.847,1.92,2.039,2.269
2019-06-18,2.076,1.892,1.819,1.821,1.886,2.001,2.232
2019-06-19,2.069,1.931,1.865,1.864,1.927,2.037,2.257
2019-06-20,2.076,1.928,1.819,1.855,1.845,1.963,2.213
2019-06-21,1.985,1.789,1.736,1.772,1.884,1.991,2.248
2019-06-24,1.967,1.768,1.712,1.749,1.86,1.965,2.217
2019-06-25,1.906,1.733,1.672,1.693,1.782,1.91,2.173
2019-06-26,1.959,1.759,1.706,1.725,1.801,1.927,2.183
2019-06-27,1.975,1.788,1.725,1.745,1.825,1.952,2.199
2019-06-28,1.974,1.8,1.736,1.756,1.836,1.96,2.204
2019-07-01,1.961,1.849,1.784,1.794,1.871,1.99,2.241
2019-07-02,2.04,1.83,1.77,1.78,1.85,1.98,2.23
2019-07-03,2.01,1.79,1.72,1.72,1.79,1.91,2.16
2019-07-05,2.02,1.82,1.74,1.74,1.81,1.92,2.16
2019-07-08,2.09,1.89,1.82,1.81,1.87,1.98,2.21
2019-07-09,2.12,1.93,1.87,1.85,1.9,2.01,2.23
2019-07-10,2.13,1.95,1.89,1.88,1.94,2.05,2.27
2019-07-11,2.06,1.89,1.84,1.86,1.93,2.05,2.3
2019-07-12,2.06,1.89,1.84,1.87,1.94,2.07,2.31
2019-07-15,2.05,1.87,1.83,1.85,1.92,2.05,2.29
2019-07-16,2.06,1.89,1.84,1.86,1.94,2.06,2.29
2019-07-17,2.07,1.89,1.84,1.85,1.92,2.04,2.27
2019-07-18,2.04,1.85,1.8,1.81,1.88,2.0,2.24
2019-07-19,2.02,1.83,1.78,1.79,1.87,1.99,2.22
2019-07-22,2.04,1.93,1.77,1.78,1.85,1.97,2.21
2019-07-23,2.05,1.85,1.79,1.8,1.88,2.0,2.24
2019-07-24,2.04,1.84,1.78,1.79,1.86,1.97,2.22
2019-07-25,2.07,1.88,1.82,1.82,1.89,2.0,2.24
2019-07-26,2.08,1.9,1.73,1.83,1.89,2.0,2.24
2019-07-29,2.07,1.88,1.82,1.81,1.87,1.98,2.21
2019-07-30,2.07,1.89,1.82,1.82,1.88,1.99,2.22
2019-07-31,2.06,1.87,1.81,1.8,1.86,1.97,2.2
2019-08-01,2.05,1.85,1.79,1.78,1.84,1.88,2.11
2019-08-02,2.07,1.86,1.78,1.74,1.79,1.8,2.03
2019-08-05,1.83,1.59,1.51,1.48,1.53,1.63,1.88
2019-08-06,1.85,1.61,1.52,1.49,1.53,1.63,1.88
2019-08-07,1.79,1.55,1.46,1.41,1.45,1.54,1.76
2019-08-08,1.84,1.62,1.54,1.52,1.56,1.66,1.89
2019-08-09,1.82,1.59,1.5,1.47,1.5,1.58,1.8
2019-08-12,1.81,1.57,1.48,1.43,1.46,1.54,1.75
2019-08-13,1.86,1.65,1.56,1.5,1.52,1.58,1.75
2019-08-14,1.81,1.57,1.48,1.42,1.43,1.48,1.63
2019-08-15,1.74,1.51,1.42,1.36,1.37,1.41,1.57
2019-08-16,1.77,1.54,1.45,1.4,1.4,1.45,1.6
2019-08-19,1.782,1.552,1.459,1.421,1.439,1.499,1.69
2019-08-20,1.78,1.55,1.46,1.41,1.42,1.48,1.65
2019-08-21,1.81,1.59,1.5,1.45,1.47,1.53,1.74
2019-08-22,1.83,1.6,1.5,1.45,1.47,1.53,1.72
2019-08-23,1.76,1.51,1.41,1.35,1.37,1.43,1.62
2019-08-26,1.78,1.52,1.41,1.35,1.36,1.42,1.6
2019-08-27,1.77,1.5,1.4,1.33,1.34,1.39,1.566
2019-08-28,1.77,1.5,1.39,1.32,1.32,1.37,1.53
2019-08-29,1.79,1.53,1.41,1.35,1.36,1.42,1.59
2019-08-30,1.8,1.53,1.42,1.35,1.35,1.4,1.56
2019-09-03,1.73,1.45,1.33,1.26,1.27,1.33,1.5
2019-09-04,1.73,1.46,1.35,1.29,1.31,1.37,1.56
2019-09-05,1.78,1.53,1.42,1.37,1.39,1.46,1.65
2019-09-06,1.78,1.52,1.42,1.36,1.37,1.44,1.61
2019-09-09,1.81,1.57,1.47,1.41,1.44,1.51,1.69
2019-09-10,1.85,1.64,1.54,1.49,1.51,1.58,1.75
2019-09-11,1.86,1.66,1.57,1.52,1.55,1.62,1.79
2019-09-12,1.89,1.71,1.63,1.58,1.6,1.67,1.84
2019-09-13,1.95,1.79,1.72,1.68,1.71,1.79,1.97
2019-09-16,1.93,1.76,1.69,1.65,1.67,1.74,1.91
2019-09-17,1.91,1.72,1.64,1.6,1.62,1.68,1.85
2019-09-18,1.9,1.71,1.63,1.59,1.6,1.67,1.82
2019-09-19,1.9,1.71,1.63,1.59,1.6,1.67,1.82
2019-09-20,1.91,1.72,1.64,1.6,1.61,1.66,1.8
2019-09-23,1.86,1.66,1.57,1.51,1.52,1.58,1.72
2019-09-24,1.82,1.6,1.51,1.46,1.47,1.52,1.67
2019-09-25,1.85,1.66,1.57,1.53,1.53,1.59,1.73
2019-09-26,1.84,1.64,1.56,1.52,1.52,1.57,1.71
2019-09-27,1.83,1.64,1.55,1.51,1.52,1.58,1.72
2019-09-30,1.83,1.64,1.56,1.51,1.53,1.58,1.73
2019-10-01,1.85,1.68,1.6,1.56,1.58,1.64,1.79
2019-10-02,1.72,1.51,1.43,1.4,1.42,1.49,1.67
2019-10-03,1.65,1.44,1.36,1.33,1.36,1.44,1.64
2019-10-04,1.67,1.46,1.38,1.35,1.38,1.45,1.63
2019-10-07,1.68,1.47,1.39,1.36,1.39,1.46,1.65
2019-10-08,1.68,1.47,1.39,1.36,1.38,1.45,1.64
2019-10-09,1.66,1.46,1.38,1.35,1.38,1.46,1.65
2019-10-10,1.72,1.56,1.5,1.47,1.5,1.59,1.77
2019-10-11,1.78,1.63,1.56,1.53,1.56,1.63,1.8
2019-10-14,1.78,1.64,1.58,1.55,1.58,1.66,1.82
2019-10-15,1.77,1.63,1.57,1.54,1.56,1.64,1.82
2019-10-16,1.77,1.63,1.58,1.56,1.59,1.67,1.85
2019-10-17,1.75,1.62,1.57,1.55,1.58,1.66,1.84
2019-10-18,1.75,1.63,1.58,1.56,1.6,1.68,1.86
2019-10-21,1.76,1.65,1.61,1.61,1.65,1.74,1.93
2019-10-22,1.75,1.64,1.6,1.6,1.64,1.72,1.91
2019-10-23,1.74,1.62,1.57,1.57,1.6,1.68,1.87
2019-10-24,1.73,1.61,1.58,1.57,1.61,1.69,1.88
2019-10-25,1.73,1.61,1.57,1.55,1.59,1.67,1.86
2019-10-28,1.78,1.68,1.64,1.63,1.68,1.76,1.96
2019-10-29,1.77,1.68,1.64,1.64,1.68,1.76,1.95
2019-10-30,1.74,1.64,1.61,1.6,1.64,1.72,1.91
2019-10-31,1.72,1.6,1.56,1.54,1.57,1.64,1.82
2019-11-01,1.72,1.6,1.55,1.53,1.57,1.65,1.83
2019-11-04,1.75,1.64,1.6,1.58,1.62,1.71,1.89
2019-11-05,1.76,1.67,1.63,1.63,1.68,1.77,1.96
2019-11-06,1.75,1.65,1.62,1.62,1.66,1.75,1.93
2019-11-07,1.8,1.74,1.73,1.75,1.79,1.88,2.05
2019-11-08,1.78,1.72,1.71,1.72,1.77,1.86,2.04
2019-11-11,1.79,1.72,1.71,1.2,1.765,1.84,2.02
2019-11-12,1.77,1.69,1.68,1.7,1.74,1.83,2.01
2019-11-13,1.76,1.68,1.65,1.66,1.7,1.79,1.97
2019-11-14,1.73,1.62,1.58,1.59,1.63,1.72,1.9
2019-11-15,1.74,1.63,1.6,1.61,1.65,1.74,1.92
2019-11-18,1.72,1.6,1.57,1.58,1.62,1.71,1.9
2019-11-19,1.71,1.59,1.56,1.56,1.6,1.68,1.86
2019-11-20,1.7,1.57,1.53,1.53,1.57,1.65,1.83
2019-11-21,1.71,1.59,1.55,1.55,1.59,1.67,1.87
2019-11-22,1.71,1.58,1.54,1.54,1.57,1.65,1.83
2019-11-25,1.75,1.62,1.58,1.57,1.6,1.68,1.85
2019-11-26,1.73,1.59,1.55,1.54,1.57,1.65,1.82
2019-11-27,1.74,1.62,1.58,1.57,1.61,1.68,1.86
2019-11-29,1.74,1.62,1.58,1.59,1.62,1.71,1.88
2019-12-02,1.74,1.63,1.6,1.62,1.66,1.75,1.93
2019-12-03,1.69,1.55,1.5,1.5,1.54,1.62,1.81
2019-12-04,1.71,1.6,1.57,1.58,1.62,1.71,1.9
2019-12-05,1.72,1.61,1.59,1.6,1.65,1.74,1.92
2019-12-06,1.73,1.64,1.62,1.64,1.69,1.77,1.95
2019-12-09,1.73,1.64,1.62,1.64,1.68,1.76,1.94
2019-12-10,1.74,1.66,1.64,1.65,1.69,1.77,1.94
2019-12-11,1.74,1.65,1.63,1.64,1.68,1.75,1.92
2019-12-12,1.76,1.68,1.67,1.7,1.74,1.83,2.01
2019-12-13,1.75,1.66,1.65,1.68,1.73,1.81,2.0
2019-12-16,1.77,1.69,1.67,1.7,1.75,1.83,2.01
2019-12-17,1.77,1.68,1.67,1.69,1.74,1.82,1.99
2019-12-18,1.79,1.71,1.7,1.74,1.79,1.88,2.07
2019-12-19,1.78,1.68,1.67,1.71,1.76,1.85,2.04
2019-12-20,1.79,1.71,1.7,1.74,1.8,1.89,2.07
2019-12-23,1.8,1.72,1.7,1.73,1.78,1.87,2.05
2019-12-24,1.8,1.72,1.7,1.73,1.78,1.87,2.05
2019-12-26,1.79,1.705,1.68,1.71,1.765,1.849,2.034
2019-12-27,1.78,1.69,1.66,1.69,1.75,1.83,2.02
2019-12-30,1.78,1.7,1.69,1.73,1.8,1.89,2.09
2019-12-31,1.77,1.68,1.67,1.71,1.77,1.87,2.06
2020-01-02,1.76,1.67,1.66,1.7,1.76,1.86,2.04
2020-01-03,1.72,1.62,1.59,1.62,1.68,1.77,1.96
2020-01-06,1.72,1.6,1.58,1.59,1.64,1.73,1.91
2020-01-07,1.72,1.62,1.59,1.61,1.67,1.76,1.96
2020-01-08,1.73,1.64,1.62,1.65,1.71,1.8,2.0
2020-01-09,1.73,1.64,1.62,1.65,1.71,1.8,2.0
2020-01-10,1.73,1.66,1.64,1.67,1.73,1.82,2.02
2020-01-13,1.73,1.65,1.62,1.64,1.7,1.79,1.98
2020-01-14,1.73,1.64,1.61,1.63,1.69,1.78,1.97
2020-01-15,1.72,1.62,1.59,1.61,1.66,1.74,1.93
2020-01-16,1.73,1.65,1.62,1.64,1.69,1.77,1.96
2020-01-17,1.73,1.66,1.64,1.67,1.72,1.81,2.0
2020-01-20,1.72,1.64,1.62,1.64,1.69,1.78,1.97
2020-01-21,1.72,1.62,1.6,1.61,1.67,1.76,1.95
2020-01-22,1.7,1.6,1.57,1.59,1.64,1.72,1.91
2020-01-23,1.68,1.57,1.54,1.55,1.59,1.67,1.86
2020-01-24,1.68,1.57,1.54,1.55,1.59,1.67,1.85
2020-01-27,1.64,1.5,1.44,1.44,1.48,1.56,1.74
2020-01-28,1.65,1.52,1.48,1.47,1.52,1.6,1.79
2020-01-29,1.65,1.5,1.45,1.45,1.49,1.57,1.76
2020-01-30,1.6,1.43,1.37,1.36,1.4,1.49,1.69
2020-01-31,1.6,1.45,1.39,1.38,1.42,1.5,1.7
2020-02-03,1.57,1.42,1.37,1.36,1.4,1.49,1.68
2020-02-04,1.62,1.49,1.44,1.44,1.48,1.57,1.76
2020-02-05,1.63,1.51,1.47,1.47,1.52,1.61,1.8
2020-02-06,1.64,1.52,1.48,1.49,1.54,1.63,1.82
2020-02-07,1.6,1.47,1.42,1.43,1.47,1.55,1.73
2020-02-10,1.56,1.42,1.37,1.37,1.42,1.5,1.7
2020-02-11,1.58,1.44,1.4,1.4,1.45,1.53,1.72
2020-02-12,1.6,1.49,1.45,1.45,1.5,1.59,1.77
2020-02-13,1.59,1.48,1.44,1.45,1.49,1.58,1.77
2020-02-14,1.58,1.45,1.41,1.41,1.45,1.54,1.72
2020-02-17,1.58,1.46,1.42,1.42,1.46,1.54,1.72
2020-02-19,1.58,1.45,1.41,1.4,1.44,1.51,1.68
2020-02-20,1.56,1.43,1.39,1.38,1.41,1.48,1.64
2020-02-21,1.51,1.36,1.31,1.3,1.33,1.4,1.55
2020-02-24,1.42,1.25,1.19,1.18,1.22,1.29,1.44
2020-02-25,1.39,1.21,1.16,1.15,1.19,1.27,1.43
2020-02-26,1.4,1.24,1.19,1.13,1.23,1.31,1.47
2020-02-27,1.37,1.22,1.17,1.17,1.19,1.27,1.44
2020-02-28,1.32,1.16,1.13,1.15,1.06,1.15,1.32
2020-03-02,1,0.9,0.89,0.94,0.99,1.08,1.28
2020-03-03,1,0.9,0.83,0.87,0.83,1.03,1.26
2020-03-04,0.95,0.84,0.75,0.81,0.89,1.0,1.25
2020-03-05,0.73,0.66,0.67,0.73,0.81,0.92,1.15
2020-03-06,0.73,0.66,0.67,0.73,0.81,0.92,1.15
2020-03-09,0.55,0.5,0.52,0.57,0.75,0.62,0.92
2020-03-10,0.56,0.52,0.55,0.62,0.59,0.7,0.6
2020-03-11,0.51,0.48,0.53,0.63,0.71,0.77,0.81
2020-03-12,0.51,0.45,0.47,0.56,0.62,0.68,0.69
2020-03-13,0.5,0.5,0.56,0.7,0.79,0.86,0.92
2020-03-16,0.51,0.47,0.52,0.64,0.72,0.79,0.8
2020-03-17,0.59,0.51,0.55,0.67,0.78,0.87,0.88
2020-03-18,0.64,0.57,0.61,0.78,0.92,1.05,1.1
2020-03-19,0.72,0.61,0.61,0.67,0.8,0.92,0.93
2020-03-20,0.68,0.57,0.58,0.67,0.78,0.89,0.9
2020-03-23,0.63,0.5,0.48,0.51,0.59,0.68,0.72
2020-03-24,0.65,0.53,0.53,0.59,0.67,0.74,0.79
2020-03-25,0.7,0.56,0.57,0.63,0.7,0.78,0.85
2020-03-26,0.68,0.52,0.5,0.55,0.63,0.72,0.79
2020-03-27,0.7,0.52,0.49,0.54,0.6,0.68,0.77
2020-03-30,0.7,0.51,0.47,0.5,0.57,0.65,0.79
2020-03-31,0.67,0.49,0.46,0.51,0.59,0.69,0.86
2020-04-01,0.68,0.5,0.46,0.51,0.59,0.69,0.85
2020-04-02,0.65,0.47,0.45,0.5,0.58,0.67,0.85
2020-04-03,0.66,0.47,0.44,0.49,0.56,0.64,0.8
2020-04-06,0.66,0.49,0.48,0.54,0.61,0.7,0.84
2020-04-07,0.69,0.55,0.55,0.64,0.74,0.83,0.98
2020-04-08,0.71,0.55,0.54,0.63,0.73,0.83,0.98
2020-04-09,0.62,0.47,0.47,0.57,0.68,0.81,1.01
2020-04-10,0.62,0.47,0.47,0.57,0.68,0.81,1.01
2020-04-13,0.62,0.47,0.47,0.57,0.68,0.81,1.01
2020-04-14,0.59,0.45,0.45,0.55,0.68,0.82,1.03
2020-04-15,0.56,0.44,0.43,0.51,0.63,0.75,0.96
2020-04-16,0.56,0.43,0.41,0.47,0.57,0.69,0.86
2020-04-17,0.56,0.43,0.42,0.48,0.58,0.7,0.87
2020-04-20,0.58,0.44,0.43,0.5,0.6,0.72,0.89
2020-04-21,0.56,0.43,0.4,0.46,0.54,0.65,0.79
2020-04-22,0.55,0.43,0.41,0.48,0.57,0.68,0.84
2020-04-23,0.53,0.42,0.41,0.48,0.56,0.66,0.81
2020-04-24,0.49,0.39,0.38,0.45,0.54,0.64,0.79
2020-04-27,0.48,0.39,0.39,0.46,0.56,0.66,0.79
2020-04-28,0.44,0.37,0.37,0.44,0.54,0.64,0.79
2020-04-29,0.41,0.34,0.34,0.42,0.52,0.63,0.78
2020-04-30,0.39,0.33,0.33,0.4,0.5,0.62,0.8
2020-05-01,0.39,0.34,0.34,0.41,0.52,0.64,0.83
2020-05-04,0.37,0.33,0.34,0.42,0.52,0.64,0.81
2020-05-05,0.37,0.33,0.34,0.42,0.53,0.65,0.85
2020-05-06,0.36,0.32,0.33,0.42,0.55,0.7,0.93
2020-05-07,0.32,0.26,0.27,0.35,0.47,0.61,0.84
2020-05-08,0.32,0.26,0.27,0.35,0.47,0.61,0.84
2020-05-09,0.32,0.26,0.27,0.35,0.47,0.61,0.84
2020-05-10,0.33,0.27,0.27,0.36,0.5,0.66,0.91
2020-05-11,0.34,0.28,0.28,0.38,0.52,0.68,0.93
2020-05-12,0.34,0.27,0.27,0.37,0.51,0.66,0.91
2020-05-13,0.32,0.26,0.26,0.34,0.46,0.61,0.85
2020-05-14,0.33,0.27,0.27,0.34,0.46,0.6,0.81
2020-05-15,0.32,0.26,0.26,0.34,0.45,0.59,0.81
2020-05-18,0.32,0.27,0.28,0.38,0.51,0.67,0.91
2020-05-19,0.33,0.29,0.31,0.42,0.57,0.73,0.99
2020-05-20,0.31,0.27,0.29,0.39,0.52,0.68,0.96
2020-05-21,0.31,0.27,0.29,0.39,0.51,0.67,0.92
2020-05-22,0.32,0.27,0.28,0.38,0.51,0.67,0.94
2020-05-25,0.32,0.28,0.29,0.39,0.51,0.67,0.93
2020-05-26,0.33,0.29,0.31,0.41,0.54,0.71,0.99
2020-05-27,0.32,0.28,0.29,0.38,0.51,0.67,0.97
2020-05-28,0.32,0.29,0.3,0.41,0.54,0.7,1.01
2020-05-29,0.31,0.27,0.28,0.38,0.51,0.67,0.98
2020-06-01,0.31,0.26,0.7,0.37,0.5,0.67,0.98
2020-06-02,0.3,0.26,0.27,0.37,0.51,0.67,0.99
2020-06-03,0.31,0.27,0.29,0.4,0.54,0.71,1.04
2020-06-04,0.32,0.29,0.32,0.46,0.62,0.81,1.15
2020-06-05,0.33,0.32,0.37,0.54,0.72,0.93,1.25
2020-06-08,0.33,0.31,0.35,0.49,0.66,0.86,1.17
2020-06-09,0.33,0.31,0.34,0.48,0.63,0.81,1.1
2020-06-10,0.32,0.3,0.33,0.47,0.63,0.78,1.08
2020-06-11,0.31,0.27,0.32,0.44,0.63,0.69,0.98
2020-06-12,0.33,0.29,0.3,0.39,0.6,0.71,0.99
2020-06-15,0.31,0.27,0.28,0.38,0.51,0.67,0.93
2020-06-16,0.32,0.29,0.3,0.42,0.58,0.77,1.08
2020-06-17,0.32,0.28,0.29,0.41,0.56,0.74,1.06
2020-06-18,0.31,0.27,0.28,0.37,0.51,0.68,0.97
2020-06-19,0.31,0.27,0.28,0.38,0.52,0.69,0.99
2020-06-22,0.3,0.27,0.27,0.37,0.51,0.67,0.95
2020-06-23,0.31,0.27,0.28,0.39,0.53,0.71,1.01
2020-06-24,0.3,0.27,0.29,0.4,0.55,0.73,1.02
2020-06-25,0.31,0.27,0.28,0.38,0.51,0.67,0.93
2020-06-26,0.3,0.26,0.27,0.37,0.5,0.66,0.93
2020-06-29,0.28,0.25,0.25,0.34,0.47,0.63,0.9
2020-06-30,0.28,0.24,0.24,0.34,0.47,0.64,0.92
2020-07-01,0.28,0.24,0.25,0.35,0.49,0.66,0.95
2020-07-02,0.29,0.26,0.27,0.38,0.52,0.7,0.99
2020-07-06,0.28,0.25,0.26,0.36,0.51,0.69,0.98
2020-07-07,0.27,0.23,0.24,0.34,0.48,0.64,0.92
2020-07-08,0.27,0.24,0.24,0.34,0.47,0.64,0.91
2020-07-09,0.27,0.23,0.23,0.33,0.46,0.62,0.88
2020-07-10,0.26,0.23,0.23,0.32,0.44,0.59,0.82
2020-07-13,0.27,0.24,0.25,0.35,0.48,0.64,0.88
2020-07-14,0.27,0.23,0.24,0.32,0.44,0.59,0.83
2020-07-15,0.28,0.25,0.26,0.35,0.49,0.64,0.89
2020-07-16,0.27,0.24,0.24,0.33,0.45,0.61,0.85
2020-07-17,0.27,0.24,0.25,0.34,0.47,0.62,0.88
2020-07-20,0.27,0.24,0.25,0.34,0.46,0.61,0.86
2020-07-21,0.27,0.24,0.25,0.34,0.46,0.61,0.86
2020-07-22,0.26,0.23,0.24,0.32,0.44,0.59,0.83
2020-07-23,0.25,0.22,0.23,0.31,0.43,0.58,0.82
2020-07-24,0.25,0.22,0.23,0.31,0.43,0.58,0.83
2020-07-27,0.26,0.23,0.23,0.31,0.43,0.58,0.82
2020-07-28,0.26,0.23,0.24,0.33,0.45,0.6,0.83
2020-07-29,0.25,0.23,0.23,0.31,0.44,0.59,0.84
2020-07-30,0.24,0.21,0.21,0.3,0.41,0.56,0.8
2020-07-31,0.23,0.2,0.21,0.28,0.4,0.56,0.81
2020-08-03,0.23,0.2,0.2,0.29,0.41,0.57,0.83
2020-08-04,0.23,0.2,0.2,0.26,0.38,0.52,0.77
2020-08-05,0.23,0.21,0.21,0.28,0.4,0.55,0.81
2020-08-06,0.23,0.21,0.21,0.28,0.39,0.54,0.8
2020-08-07,0.24,0.22,0.22,0.29,0.4,0.56,0.82
2020-08-10,0.25,0.23,0.24,0.31,0.43,0.6,0.87
2020-08-11,0.26,0.25,0.26,0.35,0.48,0.65,0.94
2020-08-12,0.26,0.25,0.26,0.35,0.48,0.65,0.94
2020-08-13,0.27,0.26,0.27,0.36,0.5,0.68,0.99
2020-08-14,0.27,0.26,0.27,0.37,0.51,0.7,1.03
2020-08-17,0.26,0.25,0.26,0.35,0.49,0.68,1.02
2020-08-18,0.25,0.24,0.25,0.33,0.47,0.65,0.99
2020-08-19,0.25,0.24,0.25,0.33,0.47,0.66,0.99
2020-08-20,0.25,0.24,0.24,0.33,0.46,0.65,0.98
2020-08-21,0.25,0.23,0.24,0.32,0.45,0.64,0.97
2020-08-24,0.24,0.23,0.249,0.34,0.47,0.65,0.98
2020-08-25,0.25,0.23,0.26,0.36,0.5,0.69,1.02
2020-08-26,0.26,0.25,0.27,0.37,0.52,0.72,1.08
2020-08-27,0.27,0.26,0.28,0.38,0.54,0.75,1.13
2020-08-28,0.25,0.24,0.26,0.36,0.52,0.74,1.14
2020-08-31,0.25,0.24,0.26,0.36,0.52,0.74,1.14
2020-09-01,0.25,0.24,0.25,0.35,0.51,0.73,1.12
2020-09-02,0.26,0.24,0.25,0.34,0.48,0.68,1.04
2020-09-03,0.26,0.24,0.25,0.33,0.47,0.67,1.03
2020-09-04,0.25,0.24,0.25,0.35,0.49,0.69,1.04
2020-09-08,0.26,0.24,0.26,0.35,0.5,0.7,1.049
2020-09-09,0.26,0.25,0.26,0.36,0.51,0.71,1.08
2020-09-10,0.26,0.24,0.26,0.36,0.51,0.72,1.111
2020-09-11,0.25,0.23,0.24,0.33,0.48,0.68,1.06
2020-09-14,0.25,0.24,0.25,0.35,0.5,0.7,1.08
2020-09-15,0.25,0.24,0.25,0.34,0.49,0.68,1.06
2020-09-16,0.24,0.22,0.23,0.33,0.46,0.66,1.04
2020-09-17,0.24,0.23,0.24,0.35,0.49,0.7,1.08
2020-09-18,0.24,0.23,0.24,0.35,0.49,0.7,1.09
2020-09-21,0.24,0.23,0.24,0.33,0.47,0.67,1.05
2020-09-22,0.24,0.23,0.24,0.34,0.48,0.69,1.07
2020-09-23,0.24,0.23,0.25,0.35,0.49,0.7,1.08
2020-09-24,0.25,0.24,0.26,0.36,0.5,0.7,1.08
2020-09-25,0.24,0.24,0.25,0.35,0.49,0.7,1.07
2020-09-28,0.24,0.24,0.26,0.35,0.5,0.7,1.09
2020-09-29,0.24,0.24,0.26,0.35,0.5,0.7,1.09
2020-09-30,0.24,0.24,0.26,0.36,0.52,0.73,1.14
2020-10-01,0.23,0.24,0.26,0.36,0.51,0.72,1.12
2020-10-02,0.23,0.23,0.25,0.35,0.5,0.7,1.1
2020-10-05,0.23,0.24,0.27,0.4,0.56,0.78,1.19
2020-10-06,0.23,0.25,0.28,0.41,0.58,0.81,1.23
2020-10-07,0.24,0.25,0.29,0.42,0.58,0.8,1.21
2020-10-08,0.24,0.25,0.29,0.43,0.59,0.81,1.22
2020-10-09,0.24,0.26,0.29,0.42,0.59,0.82,1.24
2020-10-12,0.24,0.26,0.29,0.43,0.6,0.82,1.24
2020-10-13,0.24,0.26,0.29,0.43,0.6,0.82,1.24
2020-10-14,0.23,0.25,0.28,0.39,0.55,0.76,1.17
2020-10-15,0.23,0.25,0.28,0.4,0.55,0.77,1.17
2020-10-16,0.23,0.24,0.28,0.4,0.55,0.76,1.16
2020-10-19,0.22,0.25,0.28,0.42,0.58,0.8,1.21
2020-10-20,0.23,0.25,0.29,0.44,0.6,0.83,1.24
2020-10-21,0.22,0.25,0.29,0.44,0.609,0.839,1.27
2020-10-22,0.23,0.25,0.3,0.46,0.64,0.88,1.32
2020-10-23,0.23,0.25,0.29,0.44,0.631,0.871,1.3
2020-10-26,0.23,0.25,0.29,0.43,0.6,0.83,1.26
2020-10-27,0.23,0.25,0.29,0.42,0.6,0.82,1.24
2020-10-28,0.23,0.25,0.28,0.42,0.59,0.81,1.22
2020-10-29,0.23,0.25,0.28,0.42,0.59,0.81,1.22
2020-10-30,0.23,0.25,0.29,0.44,0.63,0.86,1.27
