Date,2 Yr Rate,3 Yr Rate,5 Yr Rate,7 Yr Rate,10 Yr Rate,20 Yr Rate,30 Yr Rate
2015-01-02,0.66,1.07,1.61,1.92,2.11,2.41,2.69
2015-01-05,0.66,1.06,1.57,1.85,2.04,2.32,2.61
2015-01-06,0.62,1.02,1.48,1.78,1.94,2.25,2.5
2015-01-07,0.61,1,1.48,1.76,1.97,2.25,2.53
2015-01-08,0.61,1,1.49,1.81,2.02,2.33,2.6
2015-01-09,0.56,0.96,1.42,1.75,1.95,2.29,2.53
2015-01-12,0.54,0.91,1.38,1.69,1.91,2.23,2.5
2015-01-13,0.54,0.88,1.37,1.67,1.9,2.24,2.5
2015-01-14,0.5,0.83,1.32,1.62,1.86,2.2,2.47
2015-01-15,0.41,0.75,1.16,1.53,1.71,2.12,2.37
2015-01-16,0.48,0.8,1.3,1.6,1.84,2.17,2.45
2015-01-20,0.49,0.85,1.29,1.61,1.79,2.15,2.38
2015-01-21,0.51,0.87,1.35,1.66,1.87,2.2,2.46
2015-01-22,0.52,0.9,1.36,1.69,1.86,2.21,2.44
2015-01-23,0.49,0.86,1.31,1.62,1.8,2.12,2.37
2015-01-26,0.51,0.89,1.34,1.64,1.82,2.14,2.4
2015-01-27,0.51,0.87,1.33,1.62,1.82,2.15,2.39
2015-01-28,0.47,0.81,1.25,1.53,1.72,2.05,2.29
2015-01-29,0.52,0.84,1.27,1.59,1.76,2.11,2.31
2015-01-30,0.45,0.77,1.15,1.49,1.64,2.04,2.22
2015-02-02,0.46,0.78,1.18,1.49,1.66,2.07,2.25
2015-02-03,0.51,0.85,1.29,1.6,1.79,2.16,2.38
2015-02-04,0.47,0.86,1.25,1.61,1.75,2.17,2.35
2015-02-05,0.52,0.87,1.3,1.62,1.82,2.2,2.43
2015-02-06,0.64,1.03,1.48,1.77,1.96,2.28,2.53
2015-02-09,0.64,1.04,1.48,1.78,1.94,2.28,2.5
2015-02-10,0.65,1.05,1.51,1.82,2,2.33,2.58
2015-02-11,0.66,1.06,1.54,1.83,2.02,2.33,2.59
2015-02-12,0.62,1.02,1.49,1.81,1.98,2.33,2.58
2015-02-13,0.64,1.03,1.54,1.84,2.05,2.39,2.65
2015-02-16,0.64,0,1.54,0.0,2.05,0.0,2.65
2015-02-17,0.66,1.1,1.61,1.95,2.14,2.49,2.73
2015-02-18,0.6,1,1.52,1.86,2.08,2.46,2.71
2015-02-19,0.63,1.05,1.58,1.92,2.12,2.5,2.74
2015-02-20,0.63,1.07,1.59,1.94,2.11,2.5,2.71
2015-02-23,0.61,1.03,1.55,1.88,2.07,2.44,2.67
2015-02-24,0.55,0.97,1.46,1.79,1.98,2.38,2.59
2015-02-25,0.61,0.98,1.47,1.78,1.96,2.35,2.56
2015-02-26,0.66,1.04,1.54,1.86,2.03,2.39,2.63
2015-02-27,0.64,1.01,1.5,1.82,2.03,2.38,2.62
2015-03-02,0.66,1.06,1.57,1.89,2.08,2.46,2.68
2015-03-03,0.68,1.09,1.6,1.94,2.12,2.49,2.71
2015-03-04,0.65,1.07,1.59,1.93,2.12,2.49,2.72
2015-03-05,0.64,1.05,1.57,1.9,2.12,2.49,2.73
2015-03-06,0.72,1.16,1.69,2.04,2.24,2.63,2.84
2015-03-09,0.69,1.13,1.65,1.99,2.19,2.58,2.8
2015-03-10,0.68,1.1,1.61,1.94,2.13,2.51,2.72
2015-03-11,0.68,1.09,1.6,1.92,2.11,2.47,2.69
2015-03-12,0.66,1.06,1.6,1.91,2.12,2.47,2.7
2015-03-13,0.66,1.07,1.58,1.93,2.11,2.48,2.7
2015-03-16,0.65,1.06,1.55,1.9,2.07,2.45,2.64
2015-03-17,0.67,1.07,1.55,1.87,2.05,2.4,2.6
2015-03-18,0.67,0.92,1.53,1.73,2.02,2.31,2.57
2015-03-19,0.61,0.99,1.46,1.79,1.96,2.33,2.54
2015-03-20,0.58,0.95,1.41,1.73,1.93,2.29,2.51
2015-03-23,0.57,0.93,1.39,1.71,1.91,2.29,2.51
2015-03-24,0.56,0.91,1.36,1.68,1.87,2.24,2.46
2015-03-25,0.6,0.94,1.41,1.73,1.93,2.28,2.51
2015-03-26,0.61,0.98,1.46,1.81,1.99,2.37,2.58
2015-03-27,0.59,0.92,1.44,1.74,1.96,2.29,2.54
2015-03-30,0.58,0.93,1.4,1.74,1.95,2.32,2.55
2015-03-31,0.56,0.89,1.37,1.71,1.92,2.31,2.54
2015-04-01,0.54,0.86,1.32,1.65,1.86,2.23,2.47
2015-04-02,0.54,0.87,1.35,1.69,1.91,2.29,2.53
2015-04-03,0.48,0.8,1.25,1.6,1.84,2.24,2.49
2015-04-06,0.5,0.83,1.3,1.67,1.9,2.31,2.55
2015-04-07,0.52,0.85,1.32,1.66,1.88,2.27,2.52
2015-04-08,0.53,0.86,1.35,1.68,1.9,2.28,2.53
2015-04-09,0.55,0.89,1.4,1.73,1.96,2.35,2.6
2015-04-10,0.56,0.91,1.39,1.73,1.95,2.33,2.58
2015-04-13,0.53,0.89,1.37,1.71,1.93,2.33,2.57
2015-04-14,0.51,0.85,1.34,1.67,1.9,2.29,2.54
2015-04-15,0.5,0.85,1.31,1.66,1.89,2.3,2.54
2015-04-16,0.48,0.81,1.29,1.64,1.88,2.31,2.56
2015-04-17,0.51,0.84,1.33,1.63,1.89,2.26,2.55
2015-04-20,0.51,0.86,1.31,1.65,1.87,2.31,2.54
2015-04-21,0.52,0.86,1.33,1.67,1.91,2.33,2.58
2015-04-22,0.54,0.91,1.39,1.75,1.98,2.42,2.66
2015-04-23,0.53,0.87,1.37,1.7,1.96,2.38,2.65
2015-04-24,0.5,0.84,1.31,1.68,1.91,2.36,2.61
2015-04-27,0.52,0.87,1.34,1.69,1.92,2.36,2.61
2015-04-28,0.56,0.9,1.4,1.75,2,2.42,2.7
2015-04-29,0.56,0.91,1.42,1.8,2.04,2.49,2.75
2015-04-30,0.57,0.91,1.43,1.79,2.03,2.49,2.74
2015-05-01,0.6,0.97,1.5,1.87,2.11,2.57,2.83
2015-05-04,0.6,0.96,1.5,1.9,2.14,2.62,2.88
2015-05-05,0.62,1,1.55,1.92,2.19,2.64,2.91
2015-05-06,0.64,1.03,1.59,1.97,2.24,2.72,2.99
2015-05-07,0.63,1.02,1.56,1.93,2.18,2.63,2.91
2015-05-08,0.57,0.96,1.49,1.89,2.15,2.63,2.9
2015-05-11,0.62,1.02,1.6,2.0,2.28,2.76,3.04
2015-05-12,0.6,1,1.56,2.0,2.25,2.75,3.01
2015-05-13,0.58,0.97,1.57,2.0,2.29,2.79,3.09
2015-05-14,0.54,0.91,1.5,1.94,2.23,2.76,3.05
2015-05-15,0.54,0.9,1.46,1.87,2.14,2.66,2.93
2015-05-18,0.58,0.95,1.54,1.95,2.23,2.75,3.03
2015-05-19,0.61,1.01,1.6,2.01,2.29,2.79,3.08
2015-05-20,0.59,0.98,1.55,1.98,2.25,2.79,3.05
2015-05-21,0.57,0.95,1.51,1.92,2.19,2.71,2.99
2015-05-22,0.61,1.01,1.56,1.96,2.21,2.73,2.98
2015-05-26,0.61,0.99,1.52,1.9,2.14,2.64,2.9
2015-05-27,0.65,1,1.53,1.9,2.13,2.63,2.87
2015-05-28,0.63,0.97,1.52,1.89,2.14,2.64,2.89
2015-05-29,0.61,0.94,1.48,1.86,2.12,2.63,2.86
2015-06-01,0.64,0.99,1.55,1.93,2.18,2.69,2.93
2015-06-02,0.65,1.02,1.61,2.01,2.26,2.77,3.01
2015-06-03,0.67,1.07,1.69,2.12,2.36,2.87,3.1
2015-06-04,0.66,1.04,1.64,2.05,2.31,2.78,3.04
2015-06-05,0.71,1.13,1.74,2.16,2.41,2.87,3.11
2015-06-08,0.68,1.09,1.71,2.13,2.38,2.86,3.11
2015-06-09,0.72,1.12,1.75,2.16,2.44,2.89,3.17
2015-06-10,0.73,1.15,1.79,2.22,2.48,2.96,3.22
2015-06-11,0.71,1.12,1.73,2.14,2.38,2.84,3.1
2015-06-12,0.73,1.12,1.74,2.15,2.39,2.84,3.1
2015-06-15,0.7,1.1,1.7,2.11,2.36,2.83,3.09
2015-06-16,0.69,1.08,1.66,2.07,2.31,2.79,3.04
2015-06-17,0.65,1.03,1.63,2.05,2.32,2.82,3.09
2015-06-18,0.63,1.03,1.63,2.08,2.33,2.86,3.13
2015-06-19,0.62,0.99,1.57,1.99,2.26,2.76,3.05
2015-06-22,0.66,1.06,1.67,2.1,2.37,2.87,3.16
2015-06-23,0.68,1.07,1.7,2.14,2.41,2.92,3.2
2015-06-24,0.68,1.06,1.67,2.12,2.37,2.87,3.15
2015-06-25,0.69,1.06,1.71,2.14,2.41,2.88,3.18
2015-06-26,0.71,1.09,1.75,2.2,2.47,2.98,3.24
2015-06-30,0.64,1.01,1.64,2.07,2.34,2.83,3.11
2015-07-01,0.69,1.08,1.71,2.14,2.42,2.92,3.2
2015-07-02,0.63,1.01,1.63,2.09,2.38,2.9,3.19
2015-07-06,0.59,0.95,1.56,2.0,2.29,2.78,3.08
2015-07-07,0.59,0.96,1.55,1.98,2.26,2.74,3.04
2015-07-08,0.54,0.91,1.49,1.92,2.19,2.69,2.97
2015-07-09,0.59,0.95,1.59,2.01,2.32,2.8,3.12
2015-07-10,0.64,1.04,1.66,2.12,2.4,2.91,3.19
2015-07-13,0.68,1.06,1.72,2.14,2.45,2.92,3.24
2015-07-14,0.64,1.03,1.67,2.1,2.41,2.9,3.2
2015-07-15,0.63,1,1.64,2.05,2.36,2.83,3.14
2015-07-16,0.66,1.05,1.65,2.07,2.35,2.81,3.11
2015-07-17,0.67,1.05,1.67,2.07,2.35,2.77,3.08
2015-07-20,0.71,1.09,1.71,2.11,2.37,2.79,3.09
2015-07-21,0.68,1.07,1.65,2.08,2.33,2.77,3.06
2015-07-22,0.71,1.08,1.67,2.07,2.32,2.73,3.03
2015-07-23,0.69,1.06,1.63,2.03,2.27,2.67,2.97
2015-07-24,0.68,1.04,1.62,2.02,2.26,2.67,2.96
2015-07-27,0.65,1,1.56,1.96,2.22,2.64,2.93
2015-07-28,0.67,1.03,1.59,1.99,2.25,2.66,2.96
2015-07-29,0.7,1.05,1.61,2.02,2.29,2.69,3
2015-07-30,0.73,1.07,1.62,2.02,2.26,2.66,2.94
2015-07-31,0.66,1,1.53,1.93,2.18,2.61,2.91
2015-08-03,0.66,0.99,1.52,1.89,2.15,2.55,2.85
2015-08-04,0.73,1.08,1.6,1.97,2.22,2.59,2.9
2015-08-05,0.73,1.1,1.64,2.02,2.27,2.64,2.94
2015-08-06,0.7,1.08,1.61,1.98,2.22,2.59,2.89
2015-08-07,0.72,1.08,1.57,1.93,2.16,2.52,2.82
2015-08-10,0.72,1.09,1.61,1.98,2.23,2.58,2.9
2015-08-11,0.67,1.03,1.52,1.89,2.14,2.5,2.81
2015-08-12,0.67,1.01,1.52,1.88,2.15,2.52,2.84
2015-08-13,0.71,1.06,1.57,1.94,2.19,2.54,2.86
2015-08-14,0.72,1.08,1.6,1.96,2.2,2.54,2.84
2015-08-20,0.65,1,1.47,1.84,2.07,2.45,2.74
2015-08-21,0.61,0.95,1.43,1.79,2.04,2.44,2.72
2015-08-24,0.57,0.9,1.37,1.75,2,2.42,2.73
2015-08-25,0.6,0.98,1.42,1.86,2.07,2.54,2.8
2015-08-26,0.67,0.98,1.48,1.9,2.18,2.64,2.93
2015-08-27,0.69,0.99,1.5,1.91,2.18,2.61,2.92
2015-08-28,0.72,1.04,1.52,1.92,2.18,2.61,2.91
2015-08-31,0.74,1.07,1.55,1.94,2.22,2.64,2.96
2015-09-01,0.7,1.03,1.49,1.89,2.15,2.62,2.92
2015-09-02,0.71,1.04,1.51,1.92,2.18,2.66,2.95
2015-09-03,0.69,1,1.48,1.9,2.16,2.64,2.93
2015-09-08,0.73,1.05,1.52,1.92,2.18,2.66,2.96
2015-09-09,0.74,1.06,1.52,1.91,2.19,2.64,2.95
2015-09-10,0.73,1.06,1.55,1.93,2.22,2.66,2.99
2015-09-11,0.71,1.03,1.51,1.89,2.19,2.63,2.95
2015-09-14,0.73,1.03,1.51,1.88,2.18,2.62,2.96
2015-09-15,0.8,1.12,1.61,1.99,2.29,2.73,3.07
2015-09-16,0.81,1.13,1.61,2.01,2.29,2.75,3.08
2015-09-17,0.68,1,1.48,1.9,2.19,2.69,3.01
2015-09-18,0.68,0.97,1.44,1.83,2.13,2.58,2.94
2015-09-21,0.71,1.01,1.49,1.9,2.2,2.67,3.02
2015-09-22,0.67,0.97,1.43,1.83,2.13,2.6,2.91
2015-09-23,0.7,1,1.45,1.85,2.15,2.6,2.95
2015-09-24,0.68,0.97,1.45,1.84,2.13,2.55,2.92
2015-09-25,0.69,1,1.47,1.87,2.16,2.6,2.96
2015-09-28,0.68,0.97,1.43,1.8,2.1,2.51,2.88
2015-09-29,0.64,0.92,1.38,1.74,2.06,2.48,2.85
2015-09-30,0.63,0.92,1.37,1.75,2.05,2.51,2.87
2015-10-01,0.64,0.92,1.37,1.75,2.06,2.49,2.87
2015-10-02,0.58,0.85,1.29,1.67,1.99,2.44,2.83
2015-10-05,0.61,0.89,1.34,1.74,2.06,2.52,2.9
2015-10-06,0.6,0.9,1.32,1.72,2.03,2.5,2.87
2015-10-07,0.62,0.92,1.37,1.75,2.07,2.51,2.89
2015-10-08,0.63,0.93,1.4,1.79,2.1,2.56,2.94
2015-10-09,0.65,0.96,1.42,1.8,2.11,2.55,2.93
2015-10-12,0.64,0,1.4,0.0,2.09,0.0,2.92
2015-10-13,0.62,0.92,1.35,1.74,2.04,2.49,2.88
2015-10-14,0.55,0.84,1.27,1.66,1.97,2.42,2.83
2015-10-15,0.6,0.9,1.33,1.72,2.02,2.46,2.86
2015-10-16,0.61,0.91,1.35,1.73,2.03,2.46,2.88
2015-10-19,0.59,0.89,1.34,1.73,2.02,2.48,2.88
2015-10-20,0.63,0.93,1.39,1.78,2.07,2.53,2.92
2015-10-21,0.62,0.91,1.35,1.74,2.02,2.48,2.86
2015-10-22,0.6,0.89,1.35,1.74,2.03,2.48,2.86
2015-10-23,0.64,0.94,1.42,1.81,2.09,2.54,2.9
2015-10-26,0.64,0.94,1.39,1.78,2.06,2.5,2.87
2015-10-27,0.62,0.92,1.37,1.75,2.04,2.48,2.86
2015-10-28,0.7,1,1.47,1.83,2.1,2.5,2.88
2015-10-29,0.72,1.05,1.53,1.9,2.17,2.6,2.95
2015-10-30,0.72,1.05,1.52,1.88,2.14,2.57,2.92
2015-11-02,0.75,1.08,1.55,1.93,2.17,2.6,2.94
2015-11-03,0.77,1.1,1.59,1.96,2.21,2.65,2.99
2015-11-04,0.81,1.16,1.63,1.99,2.23,2.66,2.99
2015-11-05,0.83,1.16,1.64,2.0,2.23,2.68,3
2015-11-06,0.89,1.23,1.73,2.09,2.33,2.76,3.09
2015-11-09,0.89,1.27,1.74,2.11,2.35,2.79,3.12
2015-11-10,0.87,1.22,1.72,2.08,2.34,2.76,3.12
2015-11-11,0.87,0,1.72,0.0,2.33,0.0,3.12
2015-11-12,0.87,1.24,1.71,2.09,2.31,2.75,3.09
2015-11-13,0.83,1.2,1.65,2.05,2.27,2.72,3.05
2015-11-16,0.84,1.18,1.64,2.02,2.26,2.72,3.07
2015-11-17,0.86,1.18,1.68,2.02,2.29,2.69,3.08
2015-11-18,0.88,1.21,1.69,2.04,2.28,2.7,3.05
2015-11-19,0.87,1.21,1.66,2.02,2.23,2.66,2.99
2015-11-20,0.89,1.23,1.66,2.04,2.24,2.68,3
2015-11-23,0.92,1.26,1.67,2.03,2.24,2.66,2.99
2015-11-24,0.93,1.23,1.66,2.01,2.24,2.65,3
2015-11-25,0.93,1.25,1.66,2.01,2.23,2.64,2.99
2015-11-30,0.93,1.24,1.64,1.99,2.21,2.63,2.97
2015-12-01,0.92,1.19,1.59,1.93,2.14,2.55,2.92
2015-12-02,0.94,1.23,1.64,1.97,2.18,2.55,2.91
2015-12-03,0.95,1.27,1.72,2.1,2.3,2.72,3.04
2015-12-04,0.94,1.25,1.71,2.06,2.27,2.65,3.01
2015-12-07,0.93,1.24,1.68,2.02,2.23,2.59,2.96
2015-12-08,0.93,1.25,1.66,2.02,2.22,2.61,2.95
2015-12-09,0.92,1.22,1.64,1.99,2.22,2.59,2.97
2015-12-10,0.94,1.25,1.68,2.03,2.23,2.6,2.97
2015-12-11,0.87,1.16,1.55,1.91,2.13,2.49,2.87
2015-12-14,0.94,1.25,1.65,2.02,2.22,2.59,2.95
2015-12-15,0.96,1.29,1.69,2.06,2.27,2.62,2.99
2015-12-16,1,1.35,1.75,2.11,2.3,2.65,3
2015-12-17,0.99,1.33,1.71,2.05,2.23,2.57,2.93
2015-12-18,0.95,1.27,1.67,2.0,2.2,2.54,2.91
2015-12-21,0.95,1.28,1.67,2.0,2.19,2.55,2.91
2015-12-22,0.97,1.31,1.7,2.04,2.24,2.6,2.96
2015-12-23,0.98,1.32,1.72,2.07,2.25,2.64,2.99
2015-12-24,1,1.33,1.72,2.06,2.25,2.61,2.97
2015-12-28,1.01,1.33,1.72,2.05,2.23,2.59,2.94
2015-12-29,1.09,1.38,1.78,2.12,2.3,2.69,3.04
2015-12-30,1.07,1.36,1.79,2.14,2.29,2.69,3.03
2015-12-31,1.05,1.31,1.75,2.09,2.27,2.67,3.02
2016-01-04,1.03,1.31,1.73,2.06,2.24,2.64,2.98
2016-01-05,1.01,1.32,1.71,2.06,2.24,2.67,3
2016-01-06,0.98,1.26,1.64,1.98,2.17,2.59,2.94
2016-01-07,0.95,1.22,1.6,1.94,2.15,2.56,2.93
2016-01-08,0.93,1.2,1.56,1.91,2.12,2.55,2.91
2016-01-11,0.93,1.2,1.59,1.94,2.18,2.59,2.97
2016-01-12,0.92,1.18,1.54,1.88,2.1,2.51,2.88
2016-01-13,0.91,1.15,1.53,1.85,2.09,2.47,2.88
2016-01-14,0.9,1.14,1.51,1.87,2.09,2.51,2.89
2016-01-15,0.85,1.08,1.45,1.79,2.03,2.44,2.81
2016-01-18,0.85,0,1.45,0.0,2.03,0.0,2.81
2016-01-19,0.87,1.11,1.49,1.82,2.06,2.45,2.83
2016-01-20,0.82,1.06,1.42,1.76,1.98,2.41,2.75
2016-01-21,0.83,1.06,1.44,1.77,2.03,2.42,2.81
2016-01-22,0.87,1.11,1.48,1.81,2.05,2.46,2.82
2016-01-25,0.86,1.1,1.44,1.79,2,2.42,2.78
2016-01-26,0.83,1.07,1.42,1.76,1.99,2.41,2.78
2016-01-27,0.83,1.07,1.4,1.76,2,2.42,2.79
2016-01-28,0.82,1.05,1.4,1.75,1.98,2.41,2.79
2016-01-29,0.77,0.97,1.33,1.67,1.92,2.36,2.74
2016-02-01,0.8,1.01,1.36,1.72,1.95,2.38,2.76
2016-02-02,0.73,0.93,1.27,1.61,1.84,2.27,2.66
2016-02-03,0.72,0.91,1.27,1.61,1.89,2.3,2.71
2016-02-04,0.7,0.9,1.23,1.6,1.84,2.29,2.68
2016-02-05,0.72,0.91,1.24,1.58,1.84,2.27,2.67
2016-02-08,0.66,0.83,1.15,1.48,1.74,2.17,2.57
2016-02-09,0.69,0.85,1.15,1.47,1.72,2.16,2.55
2016-02-10,0.69,0.85,1.12,1.46,1.67,2.13,2.49
2016-02-11,0.65,0.81,1.13,1.39,1.66,2.06,2.5
2016-02-12,0.71,0.89,1.21,1.5,1.75,2.15,2.6
2016-02-15,0.71,0,1.21,0.0,1.75,0.0,2.6
2016-02-16,0.72,0.91,1.22,1.53,1.77,2.19,2.65
2016-02-17,0.74,0.93,1.26,1.57,1.82,2.24,2.69
2016-02-18,0.69,0.88,1.19,1.51,1.74,2.17,2.61
2016-02-19,0.74,0.91,1.22,1.53,1.74,2.17,2.6
2016-02-22,0.75,0.92,1.23,1.54,1.75,2.18,2.62
2016-02-23,0.73,0.9,1.2,1.51,1.72,2.16,2.58
2016-02-24,0.75,0.9,1.22,1.52,1.75,2.16,2.61
2016-02-25,0.73,0.85,1.18,1.47,1.72,2.14,2.59
2016-02-26,0.79,0.93,1.24,1.55,1.76,2.2,2.64
2016-02-29,0.78,0.91,1.22,1.52,1.73,2.19,2.61
2016-03-01,0.84,0.98,1.3,1.62,1.8,2.28,2.7
2016-03-02,0.84,1,1.34,1.65,1.84,2.27,2.68
2016-03-03,0.84,0.99,1.34,1.63,1.83,2.23,2.65
2016-03-04,0.87,1.04,1.37,1.69,1.87,2.29,2.7
2016-03-07,0.9,1.08,1.42,1.72,1.91,2.3,2.71
2016-03-08,0.87,1.04,1.34,1.64,1.83,2.22,2.63
2016-03-09,0.89,1.07,1.38,1.69,1.88,2.27,2.66
2016-03-10,0.93,1.11,1.45,1.75,1.93,2.29,2.69
2016-03-11,0.96,1.16,1.49,1.79,1.98,2.34,2.75
2016-03-14,0.96,1.15,1.48,1.78,1.96,2.33,2.73
2016-03-15,0.96,1.16,1.49,1.78,1.97,2.33,2.73
2016-03-16,0.86,1.05,1.38,1.72,1.91,2.32,2.71
2016-03-17,0.86,1.04,1.37,1.7,1.9,2.28,2.69
2016-03-18,0.84,1,1.33,1.66,1.87,2.26,2.68
2016-03-21,0.87,1.05,1.38,1.7,1.92,2.31,2.72
2016-03-22,0.89,1.08,1.41,1.74,1.94,2.32,2.72
2016-03-23,0.85,1.03,1.35,1.67,1.88,2.25,2.66
2016-03-24,0.87,1.05,1.38,1.7,1.9,2.28,2.67
2016-03-25,0.87,0,1.38,0.0,1.9,0.0,2.67
2016-03-28,0.86,1.04,1.36,1.68,1.89,2.26,2.66
2016-03-29,0.78,0.94,1.27,1.59,1.8,2.2,2.6
2016-03-30,0.76,0.91,1.26,1.6,1.82,2.24,2.65
2016-03-31,0.73,0.87,1.22,1.54,1.77,2.2,2.62
2016-04-01,0.72,0.9,1.21,1.56,1.77,2.2,2.6
2016-04-04,0.74,0.88,1.2,1.53,1.76,2.19,2.6
2016-04-05,0.72,0.85,1.18,1.49,1.72,2.13,2.54
2016-04-06,0.73,0.88,1.2,1.52,1.75,2.17,2.58
2016-04-07,0.69,0.83,1.14,1.46,1.69,2.1,2.51
2016-04-08,0.69,0.84,1.15,1.47,1.72,2.13,2.55
2016-04-11,0.71,0.85,1.17,1.48,1.73,2.14,2.58
2016-04-12,0.73,0.9,1.21,1.54,1.78,2.18,2.61
2016-04-13,0.74,0.9,1.21,1.53,1.76,2.16,2.58
2016-04-14,0.76,0.92,1.24,1.57,1.78,2.18,2.61
2016-04-15,0.73,0.87,1.21,1.52,1.75,2.14,2.56
2016-04-18,0.74,0.9,1.23,1.54,1.79,2.17,2.58
2016-04-19,0.76,0.92,1.25,1.57,1.79,2.19,2.59
2016-04-20,0.79,0.97,1.31,1.63,1.85,2.25,2.65
2016-04-21,0.81,0.98,1.33,1.65,1.86,2.29,2.68
2016-04-22,0.82,1.01,1.36,1.67,1.89,2.3,2.71
2016-04-25,0.83,1.01,1.37,1.69,1.9,2.32,2.73
2016-04-26,0.86,1.04,1.4,1.72,1.93,2.35,2.76
2016-04-27,0.85,0.99,1.37,1.64,1.89,2.3,2.73
2016-04-28,0.78,0.93,1.29,1.6,1.82,2.27,2.68
2016-04-29,0.78,0.92,1.29,1.6,1.83,2.26,2.69
2016-05-02,0.79,0.96,1.32,1.64,1.87,2.31,2.72
2016-05-03,0.75,0.92,1.25,1.57,1.8,2.24,2.66
2016-05-04,0.74,0.89,1.23,1.55,1.78,2.22,2.63
2016-05-05,0.72,0.87,1.2,1.52,1.75,2.17,2.6
2016-05-06,0.73,0.9,1.23,1.55,1.78,2.2,2.63
2016-05-09,0.71,0.86,1.19,1.51,1.75,2.18,2.61
2016-05-10,0.72,0.88,1.21,1.52,1.76,2.18,2.61
2016-05-11,0.73,0.87,1.2,1.51,1.74,2.15,2.58
2016-05-12,0.75,0.92,1.24,1.54,1.75,2.18,2.6
2016-05-13,0.75,0.91,1.21,1.51,1.7,2.14,2.55
2016-05-16,0.79,0.94,1.26,1.55,1.75,2.18,2.6
2016-05-17,0.83,0.97,1.3,1.57,1.77,2.18,2.6
2016-05-19,0.88,1.06,1.37,1.67,1.85,2.24,2.64
2016-05-20,0.88,1.05,1.36,1.65,1.84,2.24,2.63
2016-05-23,0.9,1.05,1.38,1.65,1.85,2.23,2.64
2016-05-24,0.9,1.08,1.39,1.68,1.85,2.25,2.64
2016-05-26,0.87,1.03,1.35,1.65,1.83,2.24,2.64
2016-05-27,0.88,1.06,1.36,1.67,1.84,2.25,2.64
2016-05-31,0.88,1.03,1.37,1.66,1.85,2.23,2.65
2016-06-01,0.88,1.07,1.38,1.67,1.84,2.22,2.62
2016-06-02,0.89,1.03,1.35,1.63,1.8,2.17,2.58
2016-06-03,0.77,0.92,1.23,1.5,1.7,2.09,2.51
2016-06-06,0.8,0.94,1.25,1.53,1.74,2.12,2.56
2016-06-07,0.79,0.94,1.23,1.51,1.71,2.1,2.54
2016-06-08,0.78,0.93,1.23,1.51,1.71,2.08,2.51
2016-06-09,0.76,0.91,1.21,1.49,1.68,2.05,2.48
2016-06-10,0.74,0.87,1.17,1.44,1.64,2.02,2.45
2016-06-13,0.71,0.84,1.13,1.42,1.61,2.01,2.44
2016-06-14,0.72,0.85,1.13,1.42,1.61,2.0,2.42
2016-06-16,0.67,0.81,1.06,1.37,1.55,1.96,2.37
2016-06-17,0.69,0.83,1.11,1.41,1.61,1.99,2.42
2016-06-20,0.73,0.87,1.16,1.45,1.67,2.03,2.48
2016-06-21,0.74,0.89,1.19,1.49,1.69,2.07,2.5
2016-06-22,0.75,0.88,1.2,1.49,1.68,2.06,2.49
2016-06-23,0.78,0.92,1.26,1.54,1.75,2.12,2.55
2016-06-24,0.63,0.76,1.07,1.35,1.56,1.96,2.41
2016-06-27,0.59,0.7,0.98,1.26,1.43,1.83,2.27
2016-06-28,0.61,0.71,1.01,1.26,1.46,1.83,2.26
2016-06-29,0.63,0.74,1.04,1.3,1.51,1.86,2.32
2016-06-30,0.58,0.71,1,1.29,1.47,1.86,2.28
2016-07-01,0.59,0.71,0.99,1.27,1.44,1.81,2.23
2016-07-05,0.55,0.66,0.93,1.19,1.36,1.72,2.14
2016-07-06,0.58,0.69,0.94,1.2,1.37,1.72,2.14
2016-07-07,0.59,0.69,0.96,1.21,1.38,1.72,2.13
2016-07-08,0.61,0.71,0.95,1.19,1.36,1.69,2.1
2016-07-11,0.65,0.77,1.03,1.27,1.44,1.73,2.15
2016-07-12,0.68,0.81,1.07,1.35,1.49,1.82,2.21
2016-07-13,0.66,0.8,1.05,1.32,1.47,1.77,2.17
2016-07-14,0.67,0.82,1.08,1.36,1.52,1.84,2.23
2016-07-15,0.7,0.87,1.14,1.42,1.58,1.9,2.29
2016-07-18,0.68,0.85,1.11,1.4,1.56,1.9,2.27
2016-07-19,0.69,0.84,1.11,1.38,1.55,1.88,2.27
2016-07-20,0.71,0.86,1.14,1.41,1.58,1.91,2.3
2016-07-21,0.68,0.82,1.09,1.38,1.56,1.9,2.29
2016-07-22,0.7,0.84,1.12,1.4,1.57,1.9,2.28
2016-07-25,0.73,0.87,1.13,1.41,1.56,1.9,2.28
2016-07-26,0.75,0.87,1.14,1.4,1.56,1.89,2.28
2016-07-27,0.72,0.83,1.1,1.35,1.51,1.84,2.21
2016-07-28,0.7,0.82,1.07,1.35,1.49,1.83,2.22
2016-07-29,0.66,0.76,1.02,1.29,1.45,1.78,2.18
2016-08-01,0.68,0.78,1.06,1.33,1.51,1.84,2.26
2016-08-02,0.68,0.79,1.09,1.36,1.56,1.88,2.31
2016-08-03,0.67,0.78,1.07,1.35,1.54,1.88,2.3
2016-08-04,0.64,0.76,1.03,1.31,1.5,1.84,2.25
2016-08-05,0.72,0.86,1.14,1.41,1.59,1.91,2.31
2016-08-08,0.73,0.86,1.14,1.42,1.59,1.91,2.31
2016-08-09,0.71,0.84,1.11,1.38,1.55,1.86,2.26
2016-08-10,0.68,0.8,1.07,1.34,1.51,1.83,2.23
2016-08-11,0.74,0.88,1.14,1.42,1.56,1.89,2.27
2016-08-12,0.71,0.82,1.1,1.36,1.51,1.85,2.23
2016-08-15,0.72,0.85,1.14,1.4,1.55,1.9,2.27
2016-08-16,0.76,0.87,1.16,1.42,1.57,1.92,2.29
2016-08-17,0.74,0.86,1.15,1.41,1.56,1.9,2.27
2016-08-18,0.71,0.81,1.12,1.38,1.54,1.89,2.27
2016-08-19,0.75,0.88,1.16,1.43,1.58,1.93,2.29
2016-08-22,0.74,0.86,1.13,1.4,1.54,1.88,2.24
2016-08-23,0.75,0.86,1.14,1.4,1.55,1.88,2.24
2016-08-24,0.76,0.87,1.14,1.4,1.56,1.89,2.25
2016-08-25,0.79,0.89,1.15,1.43,1.56,1.91,2.25
2016-08-26,0.84,0.96,1.24,1.49,1.63,1.96,2.29
2016-08-29,0.81,0.92,1.18,1.43,1.57,1.9,2.22
2016-08-30,0.8,0.92,1.18,1.44,1.57,1.91,2.23
2016-08-31,0.8,0.92,1.19,1.45,1.57,1.9,2.23
2016-09-01,0.79,0.91,1.18,1.44,1.57,1.9,2.23
2016-09-02,0.8,0.92,1.21,1.47,1.61,1.95,2.28
2016-09-06,0.73,0.86,1.12,1.4,1.54,1.9,2.23
2016-09-07,0.73,0.86,1.12,1.39,1.54,1.89,2.23
2016-09-08,0.77,0.91,1.18,1.46,1.6,1.98,2.3
2016-09-09,0.78,0.93,1.22,1.51,1.67,2.05,2.39
2016-09-12,0.77,0.92,1.2,1.5,1.66,2.05,2.39
2016-09-13,0.8,0.95,1.25,1.56,1.73,2.12,2.46
2016-09-14,0.75,0.9,1.19,1.52,1.68,2.1,2.43
2016-09-15,0.74,0.87,1.19,1.51,1.7,2.13,2.47
2016-09-16,0.76,0.91,1.2,1.51,1.69,2.1,2.44
2016-09-19,0.77,0.92,1.22,1.52,1.7,2.1,2.45
2016-09-20,0.79,0.93,1.2,1.5,1.69,2.09,2.43
2016-09-21,0.79,0.92,1.2,1.48,1.66,2.06,2.39
2016-09-22,0.79,0.91,1.18,1.46,1.63,2.02,2.34
2016-09-23,0.75,0.9,1.16,1.44,1.62,2.02,2.34
2016-09-26,0.76,0.87,1.13,1.41,1.58,2.0,2.32
2016-09-27,0.75,0.86,1.12,1.39,1.56,1.96,2.28
2016-09-28,0.75,0.87,1.13,1.41,1.41,1.96,2.29
2016-09-29,0.73,0.85,1.12,1.39,1.56,1.95,2.28
2016-09-30,0.77,0.88,1.14,1.42,1.6,1.99,2.32
2016-10-03,0.79,0.91,1.18,1.46,1.62,2.01,2.34
2016-10-04,0.82,0.95,1.22,1.51,1.69,2.08,2.4
2016-10-05,0.85,0.98,1.26,1.54,1.72,2.11,2.44
2016-10-06,0.86,1,1.28,1.58,1.75,2.14,2.46
2016-10-07,0.83,0.99,1.26,1.55,1.73,2.14,2.46
2016-10-11,0.87,1.03,1.3,1.58,1.77,2.17,2.5
2016-10-12,0.87,0.99,1.31,1.6,1.79,2.19,2.51
2016-10-13,0.85,1,1.27,1.56,1.75,2.15,2.48
2016-10-14,0.84,1,1.28,1.58,1.8,2.22,2.55
2016-10-17,0.81,0.98,1.26,1.56,1.77,2.19,2.52
2016-10-18,0.82,0.96,1.24,1.54,1.75,2.18,2.51
2016-10-19,0.81,0.96,1.24,1.54,1.76,2.18,2.51
2016-10-20,0.84,0.98,1.26,1.55,1.76,2.17,2.5
2016-10-21,0.84,0.98,1.25,1.53,1.74,2.15,2.48
2016-10-24,0.84,1,1.27,1.56,1.77,2.18,2.52
2016-10-25,0.86,1,1.29,1.56,1.77,2.17,2.5
2016-10-26,0.86,1.01,1.3,1.59,1.79,2.2,2.53
2016-10-27,0.87,1.04,1.33,1.64,1.85,2.26,2.6
2016-10-28,0.86,1.02,1.33,1.63,1.86,2.27,2.62
2016-10-31,0.86,1,1.31,1.62,1.84,2.25,2.58
2016-11-01,0.83,0.99,1.3,1.61,1.83,2.24,2.58
2016-11-02,0.81,0.98,1.26,1.57,1.81,2.22,2.56
2016-11-03,0.81,0.98,1.26,1.58,1.82,2.25,2.6
2016-11-04,0.8,0.95,1.24,1.55,1.79,2.22,2.56
2016-11-07,0.82,0.99,1.29,1.6,1.83,2.26,2.6
2016-11-08,0.87,1.04,1.34,1.65,1.88,2.29,2.63
2016-11-09,0.9,1.12,1.49,1.84,2.07,2.52,2.88
2016-11-10,0.92,1.17,1.56,1.92,2.15,2.58,2.94
2016-11-14,1,1.27,1.66,2.01,2.23,2.65,2.99
2016-11-15,1.02,1.28,1.68,2.03,2.23,2.64,2.97
2016-11-16,1,1.28,1.68,2.03,2.22,2.61,2.92
2016-11-17,1.04,1.31,1.73,2.08,2.29,2.69,3.01
2016-11-18,1.07,1.36,1.8,2.14,2.34,2.7,3.01
2016-11-21,1.08,1.36,1.79,2.13,2.33,2.69,3
2016-11-22,1.07,1.35,1.77,2.12,2.31,2.69,3
2016-11-23,1.12,1.4,1.83,2.17,2.36,2.71,3.02
2016-11-25,1.12,1.41,1.83,2.18,2.36,2.71,3.01
2016-11-28,1.11,1.38,1.8,2.13,2.32,2.68,2.99
2016-11-29,1.09,1.37,1.78,2.12,2.3,2.66,2.95
2016-11-30,1.11,1.4,1.83,2.18,2.37,2.73,3.02
2016-12-01,1.14,1.45,1.9,2.25,2.45,2.82,3.1
2016-12-02,1.11,1.4,1.84,2.2,2.4,2.78,3.08
2016-12-05,1.13,1.42,1.84,2.19,2.39,2.76,3.05
2016-12-06,1.12,1.41,1.84,2.18,2.39,2.77,3.08
2016-12-07,1.1,1.39,1.8,2.14,2.34,2.73,3.02
2016-12-08,1.12,1.4,1.83,2.2,2.4,2.81,3.1
2016-12-09,1.15,1.43,1.89,2.26,2.47,2.87,3.16
2016-12-12,1.15,1.44,1.9,2.26,2.49,2.86,3.16
2016-12-13,1.17,1.46,1.92,2.26,2.48,2.85,3.14
2016-12-14,1.27,1.57,2.02,2.34,2.54,2.86,3.14
2016-12-15,1.29,1.61,2.1,2.42,2.6,2.89,3.16
2016-12-16,1.28,1.59,2.07,2.41,2.6,2.91,3.19
2016-12-19,1.24,1.55,2.03,2.35,2.54,2.85,3.12
2016-12-20,1.25,1.56,2.06,2.38,2.57,2.88,3.15
2016-12-21,1.21,1.54,2.04,2.35,2.55,2.86,3.12
2016-12-22,1.22,1.54,2.04,2.36,2.55,2.86,3.12
2016-12-27,1.28,1.58,2.07,2.37,2.57,2.88,3.14
2016-12-28,1.26,1.55,2.02,2.32,2.51,2.83,3.09
2016-12-29,1.22,1.49,1.96,2.3,2.49,2.82,3.08
2016-12-30,1.2,1.47,1.93,2.25,2.45,2.79,3.06
2017-01-03,1.22,1.5,1.94,2.26,2.45,2.78,3.04
2017-01-04,1.24,1.5,1.94,2.26,2.46,2.78,3.05
2017-01-05,1.17,1.43,1.86,2.18,2.37,2.69,2.96
2017-01-06,1.22,1.5,1.92,2.23,2.42,2.73,3
2017-01-09,1.21,1.47,1.89,2.18,2.38,2.69,2.97
2017-01-10,1.19,1.47,1.89,2.18,2.38,2.69,2.97
2017-01-11,1.2,1.47,1.89,2.18,2.38,2.68,2.96
2017-01-12,1.18,1.45,1.87,2.17,2.36,2.68,3.01
2017-01-13,1.21,1.48,1.9,2.2,2.4,2.71,2.99
2017-01-17,1.17,1.42,1.84,2.14,2.33,2.66,2.93
2017-01-18,1.23,1.51,1.93,2.24,2.42,2.74,3
2017-01-19,1.25,1.53,1.97,2.28,2.47,2.77,3.04
2017-01-20,1.2,1.5,1.95,2.28,2.48,2.79,3.05
2017-01-23,1.16,1.43,1.88,2.19,2.41,2.72,2.99
2017-01-24,1.21,1.49,1.94,2.27,2.47,2.78,3.05
2017-01-25,1.23,1.52,1.99,2.33,2.53,2.84,3.1
2017-01-26,1.21,1.49,1.95,2.3,2.51,2.82,3.08
2017-01-27,1.22,1.48,1.94,2.28,2.49,2.8,3.06
2017-01-30,1.22,1.48,1.94,2.28,2.49,2.82,3.08
2017-01-31,1.19,1.46,1.9,2.24,2.45,2.78,3.05
2017-02-01,1.22,1.49,1.93,2.27,2.48,2.8,3.08
2017-02-02,1.21,1.48,1.92,2.27,2.48,2.8,3.09
2017-02-03,1.21,1.49,1.93,2.27,2.49,2.82,3.11
2017-02-06,1.16,1.43,1.86,2.19,2.42,2.76,3.05
2017-02-07,1.16,1.43,1.85,2.17,2.4,2.74,3.02
2017-02-08,1.15,1.4,1.81,2.14,2.34,2.68,2.96
2017-02-09,1.2,1.46,1.88,2.2,2.4,2.74,3.02
2017-02-10,1.2,1.47,1.89,2.22,2.41,2.75,3.01
2017-02-13,1.2,1.48,1.92,2.24,2.43,2.77,3.03
2017-02-14,1.25,1.53,1.98,2.29,2.47,2.81,3.07
2017-02-15,1.27,1.57,2.01,2.33,2.51,2.84,3.09
2017-02-16,1.22,1.5,1.95,2.26,2.45,2.8,3.05
2017-02-17,1.21,1.48,1.92,2.23,2.42,2.78,3.03
2017-02-21,1.22,1.5,1.93,2.24,2.43,2.78,3.04
2017-02-22,1.22,1.49,1.92,2.23,2.42,2.78,3.04
2017-02-23,1.18,1.44,1.87,2.2,2.38,2.75,3.02
2017-02-24,1.12,1.38,1.8,2.12,2.31,2.31,2.69
2017-02-27,1.2,1.46,1.87,2.18,2.36,2.72,2.98
2017-02-28,1.22,1.49,1.89,2.19,2.36,2.7,2.97
2017-03-01,1.29,1.57,1.99,2.29,2.46,2.81,3.06
2017-03-02,1.32,1.6,2.03,2.32,2.49,2.84,3.09
2017-03-03,1.32,1.59,2.02,2.32,2.49,2.83,3.08
2017-03-06,1.31,1.6,2.02,2.32,2.49,2.84,3.1
2017-03-07,1.32,1.62,2.05,2.34,2.52,2.85,3.11
2017-03-08,1.36,1.65,2.08,2.38,2.57,2.89,3.15
2017-03-09,1.37,1.67,2.13,2.43,2.6,2.94,3.19
2017-03-10,1.36,1.66,2.11,2.4,2.58,2.94,3.16
2017-03-13,1.4,1.69,2.14,2.43,2.62,2.97,3.2
2017-03-14,1.4,1.68,2.13,2.42,2.6,2.94,3.17
2017-03-15,1.33,1.59,2.02,2.31,2.51,2.87,3.11
2017-03-16,1.35,1.63,2.05,2.34,2.53,2.89,3.14
2017-03-17,1.33,1.6,2.03,2.31,2.5,2.86,3.11
2017-03-20,1.3,1.57,2,2.28,2.47,2.83,3.08
2017-03-21,1.27,1.54,1.96,2.24,2.43,2.79,3.04
2017-03-22,1.27,1.52,1.95,2.22,2.4,2.76,3.02
2017-03-23,1.26,1.52,1.95,2.23,2.41,2.76,3.02
2017-03-24,1.26,1.52,1.93,2.22,2.4,2.74,3
2017-03-27,1.27,1.51,1.93,2.2,2.38,2.73,2.98
2017-03-28,1.3,1.56,1.97,2.25,2.42,2.77,3.02
2017-03-29,1.26,1.53,1.93,2.21,2.39,2.74,2.99
2017-03-30,1.28,1.55,1.96,2.25,2.42,2.78,3.03
2017-03-31,1.27,1.5,1.93,2.22,2.4,2.76,3.02
2017-04-03,1.24,1.47,1.88,2.16,2.35,2.71,2.98
2017-04-04,1.25,1.47,1.88,2.16,2.36,2.72,2.99
2017-04-05,1.24,1.44,1.85,2.14,2.34,2.71,2.98
2017-04-06,1.24,1.45,1.87,2.15,2.34,2.72,2.99
2017-04-07,1.29,1.52,1.92,2.2,2.38,2.74,3
2017-04-10,1.29,1.52,1.91,2.18,2.37,2.72,2.99
2017-04-11,1.24,1.45,1.84,2.11,2.32,2.67,2.93
2017-04-12,1.24,1.44,1.81,2.09,2.28,2.65,2.92
2017-04-13,1.21,1.4,1.77,2.05,2.24,2.62,2.89
2017-04-17,1.21,1.42,1.79,2.07,2.26,2.65,2.92
2017-04-18,1.18,1.35,1.71,1.98,2.18,2.56,2.84
2017-04-19,1.19,1.38,1.74,2.02,2.21,2.59,2.87
2017-04-20,1.21,1.41,1.78,2.06,2.24,2.61,2.89
2017-04-21,1.2,1.4,1.77,2.05,2.24,2.61,2.89
2017-04-24,1.25,1.44,1.81,2.09,2.28,2.65,2.93
2017-04-25,1.29,1.49,1.87,2.15,2.35,2.71,2.99
2017-04-26,1.28,1.46,1.84,2.12,2.32,2.69,2.97
2017-04-27,1.25,1.44,1.81,2.1,2.3,2.68,2.96
2017-04-28,1.28,1.45,1.81,2.1,2.29,2.67,2.96
2017-05-01,1.28,1.48,1.84,2.13,2.33,2.71,3
2017-05-02,1.27,1.45,1.81,2.09,2.29,2.68,2.97
2017-05-03,1.3,1.5,1.86,2.14,2.33,2.7,2.97
2017-05-04,1.32,1.51,1.88,2.17,2.36,2.73,3
2017-05-05,1.32,1.52,1.89,2.17,2.36,2.73,2.99
2017-05-08,1.33,1.53,1.91,2.19,2.39,2.76,3.02
2017-05-09,1.37,1.57,1.94,2.22,2.42,2.79,3.04
2017-05-10,1.35,1.56,1.94,2.22,2.41,2.79,3.03
2017-05-11,1.35,1.55,1.93,2.2,2.39,2.78,3.03
2017-05-12,1.29,1.49,1.85,2.13,2.33,2.74,2.98
2017-05-15,1.31,1.49,1.86,2.14,2.34,2.76,3
2017-05-16,1.29,1.48,1.86,2.13,2.33,2.74,2.99
2017-05-17,1.26,1.42,1.76,2.03,2.22,2.65,2.91
2017-05-18,1.27,1.44,1.78,2.04,2.23,2.64,2.9
2017-05-19,1.28,1.45,1.79,2.05,2.23,2.63,2.9
2017-05-22,1.29,1.45,1.8,2.06,2.25,2.64,2.91
2017-05-23,1.31,1.49,1.84,2.1,2.29,2.68,2.95
2017-05-24,1.29,1.46,1.79,2.07,2.26,2.65,2.92
2017-05-25,1.3,1.46,1.78,2.06,2.25,2.65,2.92
2017-05-26,1.3,1.46,1.79,2.06,2.25,2.65,2.92
2017-05-30,1.28,1.44,1.76,2.02,2.21,2.61,2.88
2017-05-31,1.28,1.44,1.75,2.02,2.21,2.6,2.87
2017-06-01,1.28,1.45,1.76,2.02,2.21,2.6,2.87
2017-06-02,1.28,1.42,1.71,1.96,2.15,2.53,2.8
2017-06-05,1.32,1.45,1.74,1.99,2.18,2.56,2.84
2017-06-06,1.3,1.42,1.71,1.95,2.14,2.53,2.81
2017-06-07,1.32,1.45,1.74,1.99,2.18,2.56,2.84
2017-06-08,1.33,1.47,1.75,2.0,2.19,2.57,2.85
2017-06-09,1.35,1.5,1.77,2.02,2.21,2.59,2.86
2017-06-12,1.35,1.5,1.78,2.02,2.21,2.59,2.86
2017-06-13,1.38,1.51,1.79,2.02,2.21,2.6,2.87
2017-06-14,1.35,1.48,1.74,1.96,2.15,2.53,2.79
2017-06-15,1.35,1.49,1.76,1.98,2.163,2.52,2.78
2017-06-16,1.32,1.48,1.75,1.97,2.16,2.52,2.78
2017-06-19,1.36,1.52,1.8,2.02,2.19,2.53,2.79
2017-06-20,1.36,1.5,1.77,1.99,2.16,2.49,2.74
2017-06-21,1.36,1.5,1.78,2.0,2.16,2.48,2.73
2017-06-22,1.34,1.48,1.76,1.98,2.15,2.47,2.72
2017-06-23,1.34,1.48,1.77,1.98,2.15,2.48,2.71
2017-06-26,1.36,1.48,1.77,1.97,2.14,2.46,2.7
2017-06-27,1.38,1.53,1.83,2.04,2.21,2.52,2.75
2017-06-28,1.34,1.51,1.81,2.05,2.22,2.55,2.77
2017-06-29,1.38,1.53,1.85,2.1,2.27,2.59,2.82
2017-06-30,1.38,1.55,1.89,2.14,2.31,2.61,2.84
2017-07-03,1.41,1.6,1.93,2.19,2.35,2.65,2.86
2017-07-05,1.41,1.59,1.92,2.17,2.33,2.63,2.85
2017-07-06,1.4,1.6,1.94,2.21,2.37,2.68,2.9
2017-07-07,1.4,1.6,1.95,2.22,2.39,2.71,2.93
2017-07-10,1.4,1.59,1.93,2.2,2.38,2.7,2.93
2017-07-11,1.37,1.57,1.92,2.18,2.37,2.69,2.92
2017-07-12,1.35,1.53,1.88,2.14,2.33,2.65,2.89
2017-07-13,1.37,1.55,1.89,2.16,2.35,2.69,2.92
2017-07-14,1.35,1.54,1.87,2.13,2.33,2.67,2.91
2017-07-17,1.36,1.53,1.86,2.12,2.31,2.65,2.89
2017-07-18,1.36,1.52,1.82,2.08,2.27,2.61,2.85
2017-07-19,1.37,1.52,1.83,2.09,2.27,2.61,2.85
2017-07-20,1.37,1.51,1.82,2.08,2.27,2.6,2.83
2017-07-21,1.36,1.5,1.81,2.05,2.24,2.57,2.81
2017-07-24,1.37,1.53,1.83,2.07,2.26,2.59,2.83
2017-07-25,1.4,1.56,1.9,2.15,2.33,2.67,2.91
2017-07-26,1.36,1.5,1.83,2.09,2.29,2.65,2.89
2017-07-27,1.36,1.52,1.84,2.12,2.32,2.68,2.93
2017-07-28,1.34,1.51,1.84,2.11,2.3,2.66,2.89
2017-07-31,1.34,1.51,1.84,2.11,2.3,2.66,2.89
2017-08-01,1.34,1.5,1.8,2.07,2.26,2.61,2.86
2017-08-02,1.36,1.52,1.82,2.08,2.27,2.6,2.85
2017-08-03,1.34,1.49,1.79,2.05,2.24,2.56,2.81
2017-08-04,1.36,1.51,1.82,2.08,2.27,2.61,2.84
2017-08-07,1.36,1.52,1.81,2.07,2.26,2.6,2.84
2017-08-08,1.36,1.53,1.84,2.1,2.29,2.63,2.86
2017-08-09,1.33,1.5,1.81,2.06,2.24,2.59,2.82
2017-08-10,1.33,1.49,1.78,2.03,2.2,2.55,2.79
2017-08-11,1.3,1.43,1.74,2.0,2.19,2.55,2.79
2017-08-14,1.33,1.48,1.77,2.04,2.22,2.57,2.81
2017-08-15,1.35,1.51,1.83,2.09,2.27,2.6,2.84
2017-08-16,1.33,1.49,1.79,2.04,2.23,2.58,2.81
2017-08-17,1.32,1.46,1.76,2.01,2.19,2.54,2.78
2017-08-18,1.33,1.47,1.77,2.01,2.19,2.54,2.78
2017-08-21,1.32,1.463,1.76,2.0,2.18,2.52,2.77
2017-08-22,1.33,1.48,1.8,2.04,2.22,2.55,2.79
2017-08-23,1.32,1.45,1.76,1.99,2.17,2.51,2.75
2017-08-24,1.33,1.47,1.78,2.01,2.19,2.53,2.77
2017-08-25,1.35,1.47,1.77,2.0,2.17,2.51,2.75
2017-08-28,1.33,1.46,1.74,1.99,2.16,2.51,2.76
2017-08-29,1.33,1.43,1.7,1.96,2.13,2.48,2.74
2017-08-30,1.33,1.44,1.72,1.97,2.15,2.49,2.75
2017-08-31,1.33,1.44,1.7,1.95,2.12,2.47,2.73
2017-09-01,1.35,1.46,1.73,1.99,2.16,2.51,2.77
2017-09-05,1.3,1.4,1.65,1.9,2.07,2.43,2.69
2017-09-06,1.3,1.42,1.69,1.93,2.1,2.46,2.72
2017-09-07,1.27,1.38,1.63,1.88,2.05,2.4,2.66
2017-09-08,1.27,1.39,1.64,1.89,2.06,2.41,2.67
2017-09-11,1.32,1.44,1.71,1.96,2.14,2.49,2.75
2017-09-12,1.33,1.46,1.75,1.99,2.17,2.52,2.78
2017-09-13,1.35,1.48,1.78,2.01,2.2,2.53,2.79
2017-09-14,1.37,1.5,1.79,2.01,2.2,2.52,2.77
2017-09-15,1.39,1.53,1.81,2.04,2.2,2.52,2.77
2017-09-18,1.4,1.54,1.83,2.06,2.23,2.56,2.8
2017-09-19,1.4,1.55,1.84,2.07,2.24,2.57,2.81
2017-09-20,1.45,1.6,1.89,2.12,2.28,2.59,2.82
2017-09-21,1.45,1.59,1.89,2.11,2.27,2.57,2.8
2017-09-22,1.46,1.58,1.88,2.1,2.26,2.57,2.8
2017-09-25,1.44,1.56,1.85,2.07,2.22,2.53,2.76
2017-09-26,1.45,1.57,1.87,2.08,2.24,2.54,2.78
2017-09-27,1.47,1.6,1.91,2.14,2.31,2.62,2.86
2017-09-28,1.45,1.59,1.89,2.13,2.31,2.63,2.87
2017-09-29,1.47,1.62,1.92,2.16,2.33,2.63,2.86
2017-10-02,1.49,1.63,1.94,2.17,2.34,2.64,2.87
2017-10-03,1.47,1.62,1.92,2.15,2.33,2.63,2.87
2017-10-04,1.47,1.62,1.92,2.15,2.33,2.64,2.87
2017-10-05,1.49,1.63,1.94,2.17,2.35,2.65,2.89
2017-10-06,1.54,1.66,1.97,2.2,2.37,2.68,2.91
2017-10-10,1.51,1.64,1.95,2.18,2.35,2.65,2.88
2017-10-11,1.51,1.66,1.95,2.17,2.35,2.64,2.88
2017-10-12,1.51,1.66,1.95,2.16,2.33,2.62,2.86
2017-10-13,1.51,1.64,1.91,2.12,2.28,2.58,2.81
2017-10-16,1.54,1.68,1.95,2.15,2.3,2.58,2.82
2017-10-17,1.54,1.69,1.97,2.15,2.3,2.58,2.8
2017-10-18,1.59,1.7,1.99,2.19,2.34,2.62,2.85
2017-10-19,1.58,1.69,1.98,2.18,2.33,2.6,2.83
2017-10-20,1.6,1.72,2.03,2.24,2.39,2.67,2.89
2017-10-23,1.58,1.7,2.01,2.22,2.38,2.66,2.89
2017-10-24,1.6,1.73,2.05,2.26,2.42,2.7,2.92
2017-10-25,1.61,1.74,2.06,2.28,2.44,2.72,2.95
2017-10-26,1.63,1.76,2.07,2.3,2.46,2.74,2.96
2017-10-27,1.59,1.73,2.03,2.26,2.42,2.71,2.93
2017-10-30,1.58,1.71,2,2.22,2.37,2.66,2.88
2017-10-31,1.6,1.73,2.01,2.23,2.38,2.66,2.88
2017-11-01,1.61,1.74,2.01,2.22,2.37,2.63,2.85
2017-11-02,1.61,1.73,2,2.21,2.35,2.61,2.83
2017-11-03,1.63,1.74,1.99,2.19,2.34,2.59,2.82
2017-11-06,1.61,1.73,1.99,2.17,2.32,2.58,2.8
2017-11-07,1.63,1.75,1.99,2.17,2.32,2.56,2.77
2017-11-08,1.65,1.77,2.01,2.19,2.32,2.57,2.79
2017-11-09,1.63,1.75,2.01,2.2,2.33,2.59,2.81
2017-11-10,1.67,1.79,2.06,2.27,2.4,2.67,2.88
2017-11-13,1.7,1.82,2.08,2.27,2.4,2.67,2.87
2017-11-14,1.68,1.81,2.06,2.26,2.38,2.64,2.84
2017-11-15,1.68,1.79,2.04,2.21,2.33,2.58,2.77
2017-11-16,1.72,1.83,2.07,2.25,2.37,2.62,2.81
2017-11-17,1.73,1.83,2.06,2.23,2.35,2.59,2.78
2017-11-20,1.77,1.86,2.09,2.26,2.37,2.6,2.78
2017-11-21,1.77,1.88,2.11,2.27,2.36,2.58,2.76
2017-11-22,1.74,1.84,2.05,2.22,2.32,2.57,2.75
2017-11-24,1.74,1.84,2.05,2.22,2.32,2.58,2.76
2017-11-27,1.74,1.84,2.06,2.21,2.32,2.57,2.76
2017-11-28,1.75,1.85,2.07,2.24,2.34,2.58,2.77
2017-11-29,1.78,1.85,2.07,2.24,2.34,2.58,2.77
2017-11-30,1.78,1.9,2.14,2.31,2.42,2.65,2.83
2017-12-01,1.78,1.9,2.13,2.28,2.37,2.58,2.76
2017-12-04,1.8,1.93,2.15,2.29,2.37,2.58,2.77
2017-12-05,1.83,1.94,2.15,2.28,2.36,2.55,2.73
2017-12-06,1.78,1.92,2.11,2.25,2.33,2.53,2.71
2017-12-07,1.8,1.92,2.14,2.29,2.37,2.58,2.76
2017-12-08,1.8,1.92,2.14,2.29,2.38,2.59,2.77
2017-12-11,1.82,1.95,2.16,2.3,2.39,2.59,2.77
2017-12-12,1.83,1.95,2.18,2.32,2.4,2.6,2.79
2017-12-13,1.79,1.9,2.12,2.26,2.36,2.56,2.74
2017-12-14,1.82,1.92,2.14,2.27,2.35,2.53,2.71
2017-12-15,1.84,1.95,2.16,2.28,2.35,2.52,2.68
2017-12-18,1.84,1.94,2.17,2.3,2.39,2.57,2.74
2017-12-19,1.87,1.97,2.23,2.37,2.46,2.66,2.82
2017-12-20,1.87,1.98,2.24,2.4,2.49,2.71,2.88
2017-12-21,1.89,2.01,2.26,2.39,2.48,2.68,2.84
2017-12-22,1.91,2.01,2.26,2.4,2.48,2.68,2.83
2017-12-26,1.92,2.02,2.25,2.38,2.47,2.66,2.82
2017-12-27,1.89,1.99,2.22,2.34,2.42,2.59,2.75
2017-12-28,1.91,2,2.23,2.36,2.43,2.6,2.75
2017-12-29,1.89,1.98,2.2,2.33,2.4,2.58,2.74
2018-01-02,1.92,2.01,2.25,2.38,2.46,2.64,2.81
2018-01-03,1.94,2.02,2.25,2.37,2.44,2.62,2.78
2018-01-04,1.96,2.05,2.27,2.38,2.46,2.62,2.79
2018-01-05,1.96,2.06,2.329,2.4,2.47,2.64,2.81
2018-01-08,1.96,2.07,2.29,2.41,2.49,2.65,2.81
2018-01-09,1.98,2.09,2.33,2.46,2.55,2.72,2.88
2018-01-10,1.98,2.08,2.32,2.47,2.55,2.73,2.88
2018-01-11,1.98,2.09,2.32,2.46,2.54,2.72,2.91
2018-01-12,1.99,2.12,2.35,2.48,2.55,2.71,2.85
2018-01-16,2.03,2.12,2.36,2.48,2.54,2.69,2.83
2018-01-17,2.05,2.15,2.39,2.51,2.57,2.71,2.84
2018-01-18,2.05,2.17,2.43,2.55,2.62,2.77,2.9
2018-01-19,2.06,2.2,2.45,2.54,2.64,2.78,2.91
2018-01-22,2.08,2.21,2.46,2.59,2.66,2.79,2.93
2018-01-23,2.06,2.18,2.43,2.55,2.63,2.77,2.9
2018-01-24,2.08,2.2,2.43,2.57,2.65,2.8,2.93
2018-01-25,2.08,2.2,2.41,2.55,2.63,2.76,2.89
2018-01-26,2.13,2.24,2.47,2.6,2.66,2.79,2.91
2018-01-29,2.11,2.26,2.49,2.63,2.7,2.82,2.94
2018-01-30,2.13,2.27,2.51,2.65,2.73,2.86,2.98
2018-01-31,2.14,2.29,2.52,2.66,2.72,2.83,2.95
2018-02-01,2.16,2.33,2.56,2.72,2.78,2.9,3.01
2018-02-02,2.15,2.33,2.58,2.76,2.84,2.97,3.08
2018-02-05,2.08,2.25,2.5,2.68,2.77,2.92,3.04
2018-02-06,2.1,2.3,2.52,2.7,2.79,2.94,3.06
2018-02-07,2.15,2.33,2.57,2.75,2.84,3.01,3.12
2018-02-08,2.13,2.32,2.57,2.76,2.85,3.03,3.14
2018-02-09,2.05,2.26,2.52,2.72,2.83,3.02,3.14
2018-02-12,2.09,2.3,2.56,2.77,2.86,3.02,3.14
2018-02-13,2.1,2.3,2.54,2.74,2.83,2.99,3.11
2018-02-14,2.17,2.4,2.65,2.84,2.91,3.07,3.18
2018-02-15,2.19,2.4,2.65,2.83,2.9,3.04,3.15
2018-02-16,2.21,2.38,2.63,2.81,2.87,3.02,3.13
2018-02-20,2.25,2.4,2.65,2.81,2.88,3.04,3.15
2018-02-21,2.26,2.44,2.69,2.86,2.94,3.11,3.22
2018-02-22,2.25,2.42,2.66,2.84,2.92,3.09,3.21
2018-02-23,2.25,2.39,2.62,2.79,2.88,3.04,3.16
2018-02-26,2.22,2.37,2.6,2.77,2.86,3.03,3.15
2018-02-27,2.27,2.43,2.67,2.83,2.9,3.06,3.17
2018-02-28,2.25,2.42,2.65,2.8,2.87,3.02,3.13
2018-03-01,2.22,2.36,2.58,2.74,2.81,2.97,3.09
2018-03-02,2.25,2.4,2.63,2.79,2.86,3.02,3.14
2018-03-05,2.24,2.41,2.65,2.81,2.88,3.04,3.16
2018-03-06,2.25,2.42,2.65,2.81,2.88,3.03,3.14
2018-03-07,2.25,2.42,2.65,2.81,2.89,3.04,3.15
2018-03-08,2.25,2.42,2.63,2.79,2.86,3.01,3.13
2018-03-09,2.27,2.45,2.65,2.82,2.9,3.04,3.16
2018-03-12,2.27,2.43,2.64,2.79,2.87,3.0,3.13
2018-03-13,2.26,2.41,2.62,2.77,2.84,2.98,3.1
2018-03-14,2.26,2.41,2.61,2.75,2.81,2.94,3.05
2018-03-15,2.29,2.42,2.62,2.76,2.82,2.94,3.05
2018-03-16,2.31,2.44,2.65,2.78,2.85,2.96,3.08
2018-03-19,2.31,2.45,2.65,2.78,2.85,2.97,3.09
2018-03-20,2.34,2.49,2.69,2.82,2.89,3.01,3.12
2018-03-21,2.31,2.46,2.69,2.82,2.89,3.01,3.12
2018-03-22,2.29,2.43,2.63,2.76,2.83,2.94,3.06
2018-03-23,2.28,2.41,2.61,2.74,2.82,2.94,3.06
2018-03-26,2.33,2.44,2.64,2.78,2.85,2.96,3.08
2018-03-27,2.26,2.39,2.58,2.7,2.78,2.9,3.03
2018-03-28,2.28,2.41,2.59,2.72,2.77,2.89,3.01
2018-03-29,2.27,2.39,2.56,2.68,2.74,2.85,2.97
2018-04-02,2.25,2.37,2.55,2.67,2.73,2.85,2.97
2018-04-03,2.28,2.41,2.6,2.73,2.79,2.9,3.02
2018-04-04,2.28,2.42,2.61,2.73,2.79,2.91,3.03
2018-04-05,2.3,2.45,2.64,2.76,2.83,2.95,3.07
2018-04-06,2.27,2.4,2.58,2.7,2.77,2.89,3.01
2018-04-09,2.29,2.43,2.6,2.72,2.78,2.89,3.02
2018-04-10,2.32,2.45,2.62,2.74,2.8,2.89,3.02
2018-04-11,2.32,2.45,2.62,2.72,2.79,2.87,2.99
2018-04-12,2.34,2.49,2.67,2.78,2.83,2.92,3.05
2018-04-13,2.37,2.51,2.67,2.77,2.82,2.91,3.03
2018-04-16,2.39,2.52,2.69,2.78,2.83,2.91,3.03
2018-04-17,2.41,2.52,2.68,2.77,2.82,2.89,3
2018-04-18,2.42,2.57,2.73,2.83,2.87,2.95,3.06
2018-04-19,2.44,2.58,2.77,2.87,2.92,3.01,3.11
2018-04-20,2.46,2.62,2.8,2.91,2.96,3.04,3.14
2018-04-23,2.49,2.64,2.83,2.94,2.98,3.05,3.15
2018-04-24,2.48,2.63,2.83,2.95,3,3.08,3.18
2018-04-25,2.49,2.64,2.84,2.97,3.03,3.12,3.21
2018-04-26,2.49,2.63,2.82,2.95,3,3.08,3.18
2018-04-27,2.49,2.62,2.8,2.92,2.96,3.03,3.13
2018-04-30,2.49,2.62,2.79,2.91,2.95,3.01,3.11
2018-05-01,2.5,2.66,2.82,2.93,2.97,3.03,3.13
2018-05-02,2.49,2.64,2.8,2.92,2.97,3.04,3.14
2018-05-03,2.49,2.62,2.78,2.9,2.94,3.02,3.12
2018-05-04,2.51,2.63,2.78,2.9,2.95,3.02,3.12
2018-05-07,2.49,2.64,2.78,2.9,2.95,3.02,3.12
2018-05-08,2.51,2.66,2.81,2.93,2.97,3.04,3.13
2018-05-09,2.54,2.68,2.84,2.96,3,3.07,3.16
2018-05-10,2.54,2.69,2.83,2.94,2.97,3.04,3.12
2018-05-11,2.54,2.69,2.84,2.94,2.97,3.03,3.1
2018-05-14,2.55,2.7,2.85,2.96,3,3.06,3.13
2018-05-15,2.58,2.75,2.92,3.04,3.08,3.14,3.2
2018-05-16,2.58,2.76,2.94,3.05,3.09,3.16,3.21
2018-05-17,2.57,2.75,2.94,3.07,3.11,3.19,3.25
2018-05-18,2.55,2.71,2.9,3.02,3.06,3.14,3.2
2018-05-21,2.58,2.73,2.9,3.02,3.06,3.13,3.2
2018-05-22,2.59,2.73,2.9,3.02,3.06,3.14,3.21
2018-05-23,2.53,2.67,2.83,2.95,3.01,3.09,3.17
2018-05-24,2.5,2.65,2.82,2.93,2.98,3.06,3.13
2018-05-25,2.48,2.6,2.76,2.88,2.93,3.01,3.09
2018-05-29,2.32,2.43,2.58,2.71,2.77,2.87,2.96
2018-05-30,2.42,2.53,2.67,2.79,2.84,2.93,3.01
2018-05-31,2.4,2.54,2.68,2.78,2.83,2.91,3
2018-06-01,2.47,2.61,2.74,2.85,2.89,2.96,3.04
2018-06-04,2.52,2.64,2.78,2.89,2.94,3.0,3.08
2018-06-05,2.49,2.62,2.76,2.87,2.92,2.99,3.07
2018-06-06,2.52,2.65,2.81,2.93,2.97,3.05,3.13
2018-06-07,2.5,2.63,2.77,2.88,2.93,3.0,3.08
2018-06-08,2.52,2.66,2.8,2.91,2.96,3.02,3.1
2018-06-11,2.52,2.66,2.8,2.91,2.96,3.02,3.1
2018-06-12,2.54,2.67,2.81,2.91,2.96,3.02,3.09
2018-06-13,2.59,2.71,2.85,2.95,2.98,3.04,3.1
2018-06-14,2.59,2.69,2.81,2.9,2.94,2.99,3.05
2018-06-15,2.55,2.68,2.81,2.89,2.93,2.98,3.05
2018-06-18,2.56,2.67,2.8,2.89,2.92,2.98,3.05
2018-06-19,2.54,2.64,2.77,2.84,2.89,2.95,3.02
2018-06-20,2.56,2.67,2.8,2.89,2.93,2.99,3.06
2018-06-21,2.56,2.65,2.77,2.86,2.9,2.97,3.04
2018-06-22,2.56,2.65,2.77,2.86,2.9,2.97,3.04
2018-06-25,2.54,2.63,2.75,2.83,2.87,2.95,3.02
2018-06-26,2.53,2.63,2.75,2.84,2.88,2.95,3.03
2018-06-27,2.52,2.59,2.71,2.79,2.83,2.9,2.97
2018-06-28,2.52,2.6,2.73,2.81,2.84,2.91,2.97
2018-06-29,2.52,2.63,2.73,2.81,2.85,2.91,2.98
2018-07-02,2.57,2.65,2.75,2.83,2.87,2.92,2.99
2018-07-03,2.53,2.63,2.72,2.79,2.83,2.89,2.96
2018-07-05,2.55,2.65,2.74,2.8,2.84,2.88,2.95
2018-07-06,2.53,2.64,2.71,2.78,2.82,2.87,2.94
2018-07-09,2.57,2.66,2.75,2.82,2.86,2.9,2.96
2018-07-10,2.59,2.69,2.77,2.83,2.87,2.91,2.97
2018-07-11,2.58,2.67,2.74,2.82,2.85,2.89,2.95
2018-07-12,2.6,2.68,2.75,2.83,2.85,2.89,2.95
2018-07-13,2.59,2.66,2.73,2.8,2.83,2.87,2.94
2018-07-16,2.59,2.67,2.75,2.82,2.85,2.9,2.96
2018-07-17,2.62,2.69,2.76,2.83,2.86,2.91,2.97
2018-07-18,2.6,2.69,2.77,2.84,2.88,2.93,2.99
2018-07-19,2.6,2.67,2.74,2.81,2.84,2.9,2.96
2018-07-20,2.6,2.68,2.77,2.85,2.89,2.96,3.03
2018-07-23,2.64,2.72,2.83,2.92,2.96,3.04,3.1
2018-07-24,2.63,2.74,2.83,2.91,2.95,3.02,3.08
2018-07-25,2.66,2.74,2.82,2.9,2.94,3.0,3.06
2018-07-26,2.69,2.78,2.86,2.95,2.98,3.05,3.1
2018-07-27,2.67,2.76,2.84,2.92,2.96,3.03,3.09
2018-07-30,2.66,2.77,2.85,2.94,2.98,3.05,3.11
2018-07-31,2.67,2.77,2.85,2.92,2.96,3.03,3.08
2018-08-01,2.67,2.78,2.87,2.96,3,3.07,3.13
2018-08-02,2.66,2.76,2.85,2.93,2.98,3.06,3.12
2018-08-03,2.63,2.74,2.82,2.91,2.95,3.03,3.09
2018-08-06,2.64,2.73,2.8,2.89,2.94,3.02,3.08
2018-08-07,2.68,2.76,2.84,2.92,2.98,3.06,3.12
2018-08-08,2.68,2.77,2.83,2.92,2.96,3.05,3.12
2018-08-09,2.64,2.74,2.8,2.89,2.93,3.01,3.08
2018-08-10,2.61,2.68,2.75,2.82,2.87,2.96,3.03
2018-08-13,2.61,2.68,2.75,2.82,2.88,2.97,3.05
2018-08-14,2.63,2.71,2.77,2.84,2.89,2.98,3.06
2018-08-15,2.61,2.68,2.73,2.81,2.86,2.95,3.03
2018-08-16,2.63,2.7,2.75,2.82,2.87,2.95,3.03
2018-08-17,2.61,2.68,2.75,2.82,2.87,2.95,3.03
2018-08-20,2.6,2.65,2.7,2.77,2.82,2.91,2.99
2018-08-21,2.61,2.67,2.73,2.8,2.85,2.93,3
2018-08-22,2.6,2.65,2.7,2.77,2.82,2.91,2.99
2018-08-23,2.61,2.66,2.72,2.78,2.82,2.9,2.97
2018-08-24,2.63,2.68,2.72,2.78,2.82,2.89,2.97
2018-08-27,2.67,2.7,2.74,2.81,2.85,2.92,3
2018-08-28,2.67,2.73,2.77,2.84,2.88,2.96,3.03
2018-08-29,2.67,2.75,2.78,2.85,2.89,2.96,3.02
2018-08-30,2.64,2.72,2.75,2.82,2.86,2.93,3
2018-08-31,2.62,2.7,2.74,2.81,2.86,2.95,3.02
2018-09-04,2.66,2.73,2.78,2.85,2.9,2.99,3.07
2018-09-05,2.66,2.72,2.77,2.85,2.9,3.0,3.08
2018-09-06,2.64,2.71,2.76,2.83,2.88,2.98,3.06
2018-09-07,2.71,2.78,2.82,2.89,2.94,3.03,3.11
2018-09-10,2.73,2.78,2.83,2.89,2.94,3.02,3.09
2018-09-11,2.76,2.83,2.87,2.94,2.98,3.06,3.13
2018-09-12,2.74,2.82,2.87,2.93,2.97,3.04,3.11
2018-09-13,2.76,2.83,2.87,2.93,2.97,3.04,3.11
2018-09-14,2.78,2.85,2.9,2.96,2.99,3.07,3.13
2018-09-17,2.78,2.85,2.89,2.96,2.99,3.07,3.13
2018-09-18,2.81,2.88,2.94,3.01,3.05,3.14,3.2
2018-09-19,2.81,2.89,2.96,3.04,3.08,3.16,3.23
2018-09-20,2.81,2.89,2.96,3.03,3.07,3.15,3.21
2018-09-21,2.81,2.89,2.95,3.03,3.07,3.14,3.2
2018-09-24,2.83,2.89,2.96,3.04,3.08,3.15,3.21
2018-09-25,2.83,2.91,2.99,3.06,3.1,3.17,3.23
2018-09-26,2.83,2.89,2.96,3.02,3.06,3.14,3.19
2018-09-27,2.83,2.89,2.96,3.02,3.06,3.13,3.19
2018-09-28,2.81,2.88,2.94,3.01,3.05,3.13,3.19
2018-10-01,2.82,2.9,2.96,3.04,3.09,3.18,3.24
2018-10-02,2.82,2.88,2.94,3.01,3.05,3.14,3.2
2018-10-03,2.85,2.94,3.02,3.1,3.15,3.24,3.3
2018-10-04,2.87,2.97,3.05,3.14,3.19,3.29,3.35
2018-10-05,2.88,2.99,3.07,3.18,3.23,3.34,3.4
2018-10-09,2.88,2.98,3.05,3.15,3.21,3.3,3.37
2018-10-10,2.88,2.97,3.05,3.15,3.22,3.33,3.39
2018-10-11,2.85,2.94,3,3.09,3.14,3.25,3.32
2018-10-12,2.85,2.93,3,3.09,3.15,3.25,3.32
2018-10-15,2.85,2.94,3.01,3.1,3.16,3.27,3.34
2018-10-16,2.87,2.95,3.02,3.1,3.16,3.26,3.32
2018-10-17,2.89,2.97,3.04,3.13,3.19,3.29,3.35
2018-10-18,2.87,2.95,3.03,3.11,3.17,3.28,3.36
2018-10-19,2.92,2.99,3.05,3.14,3.2,3.31,3.38
2018-10-22,2.92,2.99,3.05,3.13,3.2,3.31,3.38
2018-10-23,2.89,2.95,3.01,3.1,3.17,3.29,3.37
2018-10-24,2.84,2.89,2.94,3.02,3.1,3.24,3.33
2018-10-25,2.86,2.92,2.98,3.07,3.14,3.27,3.35
2018-10-26,2.81,2.85,2.91,3.0,3.08,3.23,3.32
2018-10-29,2.81,2.86,2.91,3.0,3.08,3.23,3.33
2018-10-30,2.84,2.9,2.94,3.03,3.12,3.26,3.36
2018-10-31,2.87,2.93,2.98,3.07,3.15,3.3,3.39
2018-11-01,2.84,2.91,2.96,3.06,3.14,3.29,3.38
2018-11-02,2.91,2.98,3.04,3.13,3.22,3.37,3.46
2018-11-05,2.91,2.99,3.03,3.12,3.2,3.34,3.43
2018-11-06,2.93,3.01,3.05,3.14,3.22,3.35,3.43
2018-11-07,2.96,3.03,3.07,3.15,3.22,3.35,3.43
2018-11-08,2.98,3.05,3.09,3.17,3.24,3.36,3.43
2018-11-09,2.94,3.01,3.05,3.13,3.19,3.32,3.4
2018-11-13,2.89,2.95,2.99,3.07,3.14,3.28,3.36
2018-11-14,2.86,2.92,2.95,3.04,3.12,3.26,3.35
2018-11-15,2.86,2.91,2.94,3.02,3.11,3.27,3.36
2018-11-16,2.81,2.85,2.9,2.99,3.08,3.23,3.33
2018-11-19,2.79,2.82,2.87,2.97,3.06,3.22,3.32
2018-11-20,2.79,2.83,2.88,2.97,3.06,3.22,3.31
2018-11-21,2.81,2.84,2.89,2.98,3.06,3.22,3.31
2018-11-23,2.81,2.83,2.88,2.97,3.05,3.21,3.31
2018-11-26,2.84,2.86,2.9,2.98,3.07,3.22,3.32
2018-11-27,2.83,2.86,2.89,2.98,3.06,3.22,3.32
2018-11-28,2.81,2.84,2.87,2.97,3.06,3.23,3.34
2018-11-29,2.81,2.83,2.85,2.94,3.03,3.21,3.33
2018-11-30,2.8,2.83,2.84,2.92,3.01,3.19,3.3
2018-12-03,2.83,2.84,2.83,2.9,2.98,3.15,3.27
2018-12-04,2.8,2.81,2.79,2.84,2.91,3.05,3.16
2018-12-06,2.75,2.76,2.75,2.8,2.87,3.01,3.14
2018-12-07,2.72,2.72,2.7,2.77,2.85,3.01,3.14
2018-12-10,2.72,2.73,2.71,2.77,2.85,3.0,3.13
2018-12-11,2.78,2.78,2.75,2.81,2.89,3.02,3.13
2018-12-12,2.77,2.78,2.77,2.84,2.91,3.04,3.15
2018-12-13,2.75,2.76,2.75,2.83,2.91,3.05,3.16
2018-12-14,2.73,2.72,2.73,2.81,2.89,3.03,3.14
2018-12-17,2.7,2.68,2.69,2.77,2.86,3.0,3.11
2018-12-18,2.65,2.64,2.65,2.74,2.82,2.96,3.07
2018-12-19,2.63,2.61,2.62,2.69,2.77,2.89,3
2018-12-20,2.67,2.65,2.65,2.72,2.79,2.92,3.02
2018-12-21,2.63,2.61,2.64,2.72,2.79,2.92,3.03
2018-12-24,2.55,2.56,2.58,2.66,2.74,2.88,3
2018-12-26,2.61,2.6,2.67,2.74,2.81,2.94,3.06
2018-12-27,2.56,2.55,2.6,2.68,2.77,2.92,3.05
2018-12-28,2.52,2.5,2.56,2.63,2.72,2.89,3.04
2019-12-31,2.48,2.46,2.51,2.59,2.69,2.87,3.02
2019-01-02,2.5,2.47,2.49,2.56,2.66,2.83,2.97
2019-01-03,2.39,2.35,2.37,2.44,2.56,2.75,2.92
2019-01-04,2.5,2.47,2.49,2.56,2.67,2.83,2.98
2019-01-07,2.53,2.51,2.53,2.6,2.7,2.86,2.99
2019-01-08,2.58,2.57,2.58,2.63,2.73,2.88,3
2019-01-09,2.56,2.54,2.57,2.64,2.74,2.9,3.03
2019-01-10,2.56,2.54,2.56,2.63,2.74,2.92,3.06
2019-01-11,2.55,2.51,2.52,2.6,2.71,2.9,3.04
2019-01-14,2.53,2.51,2.53,2.6,2.71,2.91,3.06
2019-01-15,2.53,2.51,2.53,2.61,2.72,2.92,3.08
2019-01-16,2.55,2.53,2.54,2.62,2.73,2.92,3.07
2019-01-17,2.56,2.55,2.58,2.66,2.75,2.93,3.07
2019-01-18,2.62,2.6,2.62,2.7,2.79,2.95,3.09
2019-01-22,2.58,2.55,2.57,2.65,2.74,2.91,3.06
2019-01-23,2.58,2.57,2.59,2.66,2.76,2.93,3.07
2019-01-24,2.56,2.54,2.55,2.62,2.72,2.89,3.04
2019-01-25,2.6,2.58,2.59,2.66,2.76,2.92,3.06
2019-01-28,2.6,2.58,2.58,2.65,2.75,2.92,3.06
2019-01-29,2.56,2.54,2.55,2.61,2.72,2.9,3.04
2019-01-30,2.52,2.49,2.49,2.58,2.7,2.9,3.06
2019-01-31,2.45,2.43,2.43,2.51,2.63,2.83,2.99
2019-02-01,2.52,2.5,2.51,2.59,2.7,2.88,3.03
2019-02-04,2.53,2.52,2.53,2.62,2.73,2.92,3.06
2019-02-05,2.53,2.5,2.51,2.6,2.71,2.89,3.03
2019-02-06,2.52,2.5,2.5,2.59,2.7,2.88,3.03
2019-02-07,2.48,2.46,2.46,2.54,2.65,2.85,3
2019-02-08,2.45,2.43,2.44,2.53,2.63,2.82,2.97
2019-02-11,2.48,2.47,2.47,2.56,2.65,2.85,3
2019-02-12,2.5,2.48,2.49,2.58,2.68,2.87,3.02
2019-02-13,2.53,2.52,2.53,2.61,2.71,2.89,3.04
2019-02-14,2.5,2.48,2.48,2.56,2.66,2.85,3.01
2019-02-15,2.52,2.5,2.49,2.57,2.66,2.84,3
2019-02-19,2.5,2.47,2.47,2.55,2.65,2.84,2.99
2019-02-20,2.5,2.47,2.47,2.55,2.65,2.84,3
2019-02-21,2.53,2.49,2.51,2.59,2.69,2.89,3.05
2019-02-22,2.48,2.46,2.47,2.55,2.65,2.86,3.02
2019-02-25,2.51,2.48,2.48,2.57,2.67,2.87,3.03
2019-02-26,2.48,2.44,2.45,2.54,2.64,2.84,3.01
2019-02-27,2.5,2.48,2.49,2.59,2.69,2.91,3.07
2019-02-28,2.52,2.5,2.52,2.63,2.73,2.94,3.09
2019-03-01,2.55,2.54,2.56,2.67,2.76,2.97,3.13
2019-03-04,2.55,2.52,2.53,2.63,2.72,2.93,3.09
2019-03-05,2.55,2.52,2.53,2.63,2.72,2.93,3.08
2019-03-06,2.52,2.49,2.49,2.59,2.69,2.9,3.06
2019-03-07,2.47,2.44,2.44,2.51,2.64,2.86,3.03
2019-03-08,2.45,2.43,2.42,2.51,2.62,2.83,3
2019-03-11,2.47,2.45,2.44,2.53,2.64,2.86,3.03
2019-03-12,2.45,2.41,2.41,2.5,2.61,2.82,3
2019-03-13,2.45,2.41,2.42,2.51,2.61,2.82,3.02
2019-03-14,2.46,2.42,2.43,2.53,2.63,2.86,3.04
2019-03-15,2.43,2.39,2.4,2.49,2.59,2.83,3.02
2019-03-18,2.45,2.41,2.42,2.51,2.6,2.83,3.01
2019-03-19,2.46,2.42,2.42,2.51,2.61,2.84,3.02
2019-03-20,2.4,2.34,2.34,2.44,2.54,2.79,2.98
2019-03-21,2.41,2.34,2.34,2.44,2.54,2.78,2.96
2019-03-22,2.31,2.24,2.24,2.34,2.44,2.69,2.88
2019-03-25,2.26,2.19,2.21,2.32,2.43,2.68,2.87
2019-03-26,2.24,2.18,2.18,2.29,2.41,2.67,2.86
2019-03-27,2.22,2.16,2.18,2.27,2.39,2.63,2.83
2019-03-28,2.23,2.18,2.2,2.29,2.39,2.62,2.81
2019-03-29,2.27,2.21,2.23,2.31,2.41,2.63,2.81
2019-04-01,2.33,2.29,2.31,2.4,2.49,2.71,2.89
2019-04-02,2.3,2.26,2.28,2.38,2.48,2.7,2.88
2019-04-03,2.33,2.29,2.32,2.42,2.52,2.75,2.93
2019-04-04,2.33,2.29,2.32,2.41,2.51,2.74,2.92
2019-04-05,2.35,2.3,2.31,2.4,2.5,2.72,2.91
2019-04-08,2.36,2.31,2.33,2.42,2.52,2.74,2.93
2019-04-09,2.35,2.31,2.31,2.4,2.51,2.73,2.92
2019-04-10,2.31,2.27,2.27,2.37,2.48,2.71,2.9
2019-04-11,2.35,2.3,2.31,2.4,2.51,2.74,2.94
2019-04-12,2.4,2.36,2.38,2.47,2.56,2.78,2.97
2019-04-15,2.4,2.36,2.37,2.46,2.55,2.77,2.96
2019-04-16,2.41,2.38,2.41,2.5,2.6,2.81,2.99
2019-04-17,2.4,2.37,2.4,2.49,2.59,2.81,2.99
2019-04-18,2.38,2.36,2.38,2.46,2.57,2.78,2.96
2019-04-22,2.38,2.36,2.39,2.49,2.59,2.82,2.99
2019-04-23,2.36,2.34,2.36,2.46,2.57,2.81,2.98
2019-04-24,2.32,2.28,2.32,2.41,2.53,2.76,2.94
2019-04-25,2.33,2.29,2.33,2.42,2.54,2.76,2.94
2019-04-26,2.28,2.25,2.29,2.39,2.51,2.74,2.92
2019-04-29,2.3,2.27,2.32,2.42,2.54,2.78,2.96
2019-04-30,2.27,2.24,2.38,2.39,2.51,2.75,2.93
2019-05-01,2.31,2.28,2.31,2.41,2.52,2.74,2.92
2019-05-02,2.35,2.32,2.34,2.44,2.55,2.77,2.94
2019-05-03,2.33,2.3,2.33,2.43,2.54,2.75,2.93
2019-05-06,2.31,2.27,2.3,2.4,2.51,2.73,2.91
2019-05-07,2.28,2.24,2.25,2.35,2.45,2.68,2.86
2019-05-08,2.3,2.26,2.28,2.38,2.49,2.71,2.89
2019-05-09,2.26,2.22,2.25,2.34,2.45,2.69,2.87
2019-05-10,2.26,2.23,2.26,2.37,2.47,2.7,2.89
2019-05-13,2.18,2.15,2.18,2.28,2.4,2.65,2.83
2019-05-14,2.2,2.17,2.2,2.3,2.42,2.67,2.86
2019-05-15,2.16,2.12,2.15,2.25,2.37,2.63,2.82
2019-05-16,2.2,2.15,2.18,2.28,2.4,2.65,2.84
2019-05-17,2.2,2.15,2.17,2.27,2.39,2.63,2.82
2019-05-20,2.21,2.17,2.21,2.3,2.41,2.65,2.83
2019-05-21,2.26,2.2,2.23,2.33,2.43,2.67,2.84
2019-05-22,2.23,2.17,2.19,2.28,2.39,2.64,2.82
2019-05-23,2.12,2.08,2.11,2.2,2.31,2.56,2.75
2019-05-24,2.16,2.1,2.12,2.22,2.32,2.57,2.75
2019-05-28,2.12,2.06,2.06,2.16,2.26,2.52,2.7
2019-05-29,2.09,2.04,2.05,2.16,2.25,2.5,2.69
2019-05-30,2.06,2,2.03,2.12,2.22,2.46,2.65
2019-05-31,2.195,1.9,1.93,2.03,2.14,2.39,2.58
2019-06-03,1.82,1.79,1.83,1.95,2.07,2.34,2.53
2019-06-04,1.88,1.84,1.89,2.01,2.12,2.41,2.6
2019-06-05,1.83,1.81,1.86,2.0,2.12,2.42,2.63
2019-06-06,1.88,1.85,1.88,2.01,2.12,2.42,2.62
2019-06-07,1.85,1.82,1.85,1.97,2.09,2.36,2.57
2019-06-10,1.9,1.87,1.91,2.03,2.15,2.42,2.62
2019-06-11,1.93,1.87,1.92,2.03,2.15,2.42,2.62
2019-06-12,1.88,1.83,1.88,2.0,2.13,2.41,2.62
2019-06-13,1.83,1.78,1.84,1.96,2.1,2.39,2.61
2019-06-14,1.84,1.79,1.85,1.96,2.09,2.38,2.59
2019-06-17,1.86,1.8,1.85,1.96,2.09,2.37,2.58
2019-06-18,1.86,1.8,1.83,1.93,2.06,2.34,2.55
2019-06-19,1.74,1.7,1.77,1.89,2.03,2.32,2.54
2019-06-20,1.72,1.69,1.74,1.87,2.01,2.31,2.53
2019-06-21,1.77,1.74,1.8,1.93,2.07,2.37,2.59
2019-06-24,1.72,1.69,1.75,1.88,2.02,2.33,2.55
2019-06-25,1.71,1.67,1.73,1.86,2,2.31,2.53
2019-06-26,1.77,1.74,1.8,1.92,2.05,2.35,2.57
2019-06-27,1.74,1.71,1.76,1.88,2.01,2.31,2.52
2019-06-28,1.75,1.71,1.76,1.87,2,2.31,2.52
2019-07-01,1.78,1.74,1.79,1.9,2.03,2.34,2.55
2019-07-02,1.77,1.71,1.75,1.85,1.98,2.29,2.51
2019-07-03,1.77,1.71,1.74,1.83,1.96,2.25,2.47
2019-07-05,1.87,1.82,1.84,1.93,2.04,2.34,2.54
2019-07-08,1.88,1.84,1.86,1.94,2.05,2.32,2.53
2019-07-09,1.92,1.88,1.88,1.96,2.07,2.34,2.54
2019-07-10,1.82,1.79,1.82,1.93,2.07,2.36,2.57
2019-07-11,1.85,1.84,1.88,1.99,2.13,2.42,2.65
2019-07-12,1.84,1.81,1.86,1.98,2.12,2.42,2.64
2019-07-15,1.83,1.8,1.84,1.96,2.09,2.39,2.61
2019-07-16,1.87,1.84,1.88,2.0,2.13,2.42,2.63
2019-07-17,1.83,1.8,1.83,1.94,2.06,2.35,2.57
2019-07-18,1.77,1.74,1.78,1.89,2.04,2.34,2.56
2019-07-19,1.8,1.77,1.8,1.91,2.05,2.35,2.57
2019-07-22,1.8,1.77,1.8,1.92,2.05,2.36,2.58
2019-07-23,1.83,1.79,1.83,1.94,2.08,2.38,2.61
2019-07-24,1.83,1.79,1.82,1.93,2.05,2.36,2.58
2019-07-25,1.86,1.83,1.85,1.95,2.08,2.38,2.6
2019-07-26,1.86,1.83,1.85,1.95,2.08,2.38,2.59
2019-07-29,1.85,1.81,1.84,1.93,2.06,2.37,2.59
2019-07-30,1.85,1.82,1.84,1.93,2.06,2.36,2.58
2019-07-31,1.89,1.84,1.84,1.92,2.02,2.31,2.53
2019-08-01,1.73,1.67,1.68,1.77,1.9,2.21,2.44
2019-08-02,1.72,1.67,1.66,1.75,1.86,2.16,2.39
2019-08-05,1.59,1.55,1.55,1.63,1.75,2.07,2.3
2019-08-06,1.6,1.54,1.53,1.62,1.73,2.03,2.25
2019-08-07,1.59,1.51,1.52,1.6,1.71,2.01,2.22
2019-08-08,1.62,1.54,1.54,1.62,1.72,2.02,2.25
2019-08-09,1.63,1.58,1.57,1.65,1.74,2.03,2.26
2019-08-12,1.58,1.51,1.49,1.56,1.65,1.92,2.14
2019-08-13,1.66,1.6,1.57,1.62,1.68,1.94,2.15
2019-08-14,1.58,1.53,1.51,1.55,1.59,1.84,2.03
2019-08-15,1.48,1.44,1.42,1.47,1.52,1.8,1.98
2019-08-16,1.48,1.44,1.42,1.49,1.55,1.82,2.01
2019-08-19,1.53,1.49,1.47,1.54,1.6,1.88,2.08
2019-08-20,1.5,1.44,1.42,1.49,1.55,1.84,2.04
2019-08-21,1.56,1.5,1.47,1.54,1.59,1.87,2.07
2019-08-22,1.61,1.53,1.5,1.56,1.62,1.9,2.11
2019-08-23,1.51,1.43,1.4,1.46,1.52,1.82,2.02
2019-08-26,1.54,1.47,1.43,1.49,1.54,1.84,2.04
2019-08-27,1.53,1.43,1.4,1.44,1.49,1.77,1.97
2019-08-28,1.5,1.42,1.37,1.42,1.47,1.76,1.94
2019-08-29,1.53,1.44,1.4,1.46,1.5,1.78,1.97
2019-08-30,1.5,1.42,1.39,1.45,1.5,1.78,1.96
2019-09-03,1.47,1.38,1.35,1.42,1.47,1.77,1.95
2019-09-04,1.43,1.36,1.32,1.4,1.47,1.77,1.97
2019-09-05,1.55,1.47,1.43,1.51,1.57,1.86,2.06
2019-09-06,1.53,1.46,1.42,1.5,1.55,1.83,2.02
2019-09-09,1.58,1.52,1.491,1.57,1.63,1.91,2.11
2019-09-10,1.67,1.61,1.58,1.66,1.72,2.0,2.19
2019-09-11,1.68,1.62,1.6,1.68,1.75,2.02,2.22
2019-09-12,1.72,1.67,1.65,1.72,1.79,2.06,2.22
2019-09-13,1.79,1.76,1.75,1.83,1.9,2.17,2.37
2019-09-16,1.74,1.71,1.69,1.77,1.84,2.11,2.31
2019-09-17,1.72,1.68,1.66,1.75,1.81,2.08,2.27
2019-09-18,1.77,1.72,1.68,1.76,1.8,2.06,2.25
2019-09-19,1.74,1.68,1.66,1.73,1.79,2.04,2.22
2019-09-20,1.69,1.63,1.61,1.68,1.74,1.99,2.17
2019-09-23,1.68,1.61,1.59,1.65,1.72,1.98,2.16
2019-09-24,1.6,1.53,1.52,1.58,1.64,1.91,2.09
2019-09-25,1.68,1.61,1.6,1.66,1.73,1.99,2.18
2019-09-26,1.66,1.61,1.59,1.65,1.7,1.96,2.15
2019-09-27,1.63,1.58,1.56,1.62,1.69,1.95,2.13
2019-09-30,1.63,1.56,1.55,1.62,1.68,1.94,2.12
2019-10-01,1.56,1.51,1.51,1.59,1.65,1.93,2.11
2019-10-02,1.48,1.43,1.43,1.53,1.6,1.9,2.09
2019-10-03,1.39,1.34,1.34,1.45,1.54,1.85,2.04
2019-10-04,1.4,1.35,1.34,1.43,1.52,1.81,2.01
2019-10-07,1.46,1.41,1.38,1.47,1.56,1.85,2.05
2019-10-08,1.42,1.38,1.36,1.45,1.54,1.84,2.04
2019-10-09,1.47,1.43,1.4,1.5,1.59,1.88,2.08
2019-10-10,1.53,1.49,1.48,1.57,1.67,1.96,2.16
2019-10-11,1.63,1.6,1.59,1.68,1.76,2.04,2.22
2019-10-15,1.61,1.6,1.59,1.68,1.77,2.06,2.23
2019-10-16,1.58,1.57,1.57,1.65,1.75,2.05,2.23
2019-10-17,1.6,1.57,1.57,1.66,1.76,2.05,2.24
2019-10-18,1.58,1.56,1.56,1.66,1.76,2.06,2.25
2019-10-21,1.62,1.59,1.61,1.7,1.8,2.1,2.28
2019-10-22,1.6,1.59,1.6,1.68,1.78,2.07,2.26
2019-10-23,1.58,1.58,1.58,1.67,1.77,2.06,2.25
2019-10-24,1.58,1.58,1.58,1.67,1.77,2.08,2.26
2019-10-25,1.63,1.62,1.62,1.71,1.8,2.1,2.29
2019-10-28,1.64,1.65,1.66,1.75,1.85,2.16,2.34
2019-10-29,1.64,1.65,1.66,1.74,1.84,2.15,2.33
2019-10-30,1.61,1.6,1.61,1.69,1.78,2.08,2.26
2019-10-31,1.52,1.52,1.51,1.6,1.69,2.0,2.17
2019-11-01,1.56,1.55,1.55,1.63,1.73,2.03,2.21
2019-11-04,1.6,1.59,1.6,1.69,1.79,2.1,2.27
2019-11-05,1.63,1.63,1.66,1.77,1.86,2.17,2.34
2019-11-06,1.61,1.6,1.63,1.73,1.81,2.13,2.3
2019-11-07,1.68,1.7,1.74,1.84,1.92,2.24,2.4
2019-11-08,1.68,1.7,1.74,1.86,1.94,2.27,2.43
2019-11-12,1.66,1.69,1.73,1.84,1.92,2.24,2.39
2019-11-13,1.63,1.65,1.69,1.79,1.88,2.2,2.36
2019-11-14,1.58,1.59,1.63,1.73,1.82,2.15,2.31
2019-11-15,1.61,1.61,1.65,1.75,1.84,2.16,2.31
2019-11-18,1.6,1.59,1.63,1.73,1.81,2.14,2.3
2019-11-19,1.6,1.59,1.63,1.71,1.79,2.11,2.26
2019-11-20,1.56,1.55,1.58,1.66,1.73,2.05,2.2
2019-11-21,1.6,1.59,1.62,1.71,1.77,2.09,2.24
2019-11-22,1.61,1.6,1.62,1.71,1.77,2.08,2.22
2019-11-25,1.61,1.6,1.62,1.71,1.76,2.07,2.21
2019-11-26,1.58,1.58,1.58,1.68,1.74,2.04,2.18
2019-11-27,1.63,1.61,1.63,1.71,1.77,2.06,2.19
2019-11-29,1.61,1.61,1.62,1.73,1.78,2.07,2.21
2019-12-02,1.61,1.63,1.65,1.77,1.83,2.15,2.28
2019-12-03,1.53,1.54,1.54,1.65,1.72,2.03,2.17
2019-12-04,1.58,1.58,1.6,1.71,1.77,2.08,2.22
2019-12-05,1.58,1.6,1.62,1.73,1.8,2.11,2.24
2019-12-06,1.61,1.64,1.67,1.78,1.84,2.14,2.29
2019-12-09,1.63,1.63,1.67,1.77,1.83,2.13,2.27
2019-12-10,1.65,1.67,1.68,1.78,1.85,2.12,2.26
2019-12-11,1.61,1.62,1.64,1.74,1.79,2.08,2.23
2019-12-12,1.66,1.69,1.73,1.84,1.9,2.18,2.32
2019-12-13,1.61,1.62,1.66,1.76,1.82,2.11,2.26
2019-12-16,1.65,1.67,1.72,1.82,1.89,2.17,2.3
2019-12-17,1.63,1.66,1.71,1.82,1.89,2.18,2.31
2019-12-18,1.63,1.67,1.74,1.86,1.92,2.22,2.35
2019-12-19,1.62,1.65,1.73,1.84,1.92,2.21,2.35
2019-12-20,1.63,1.67,1.73,1.84,1.92,2.21,2.34
2019-12-23,1.64,1.67,1.75,1.86,1.93,2.22,2.35
2019-12-24,1.62,1.64,1.72,1.83,1.9,2.2,2.33
2019-12-26,1.64,1.65,1.72,1.85,1.9,2.19,2.33
2019-12-27,1.59,1.6,1.68,1.8,1.88,2.18,2.32
2019-12-30,1.58,1.59,1.68,1.81,1.9,2.21,2.34
2019-12-31,1.58,1.62,1.69,1.83,1.92,2.25,2.39
2020-01-02,1.58,1.59,1.67,1.79,1.88,2.19,2.33
2020-01-03,1.53,1.54,1.59,1.71,1.8,2.11,2.26
2020-01-06,1.54,1.56,1.61,1.72,1.81,2.13,2.28
2020-01-07,1.54,1.55,1.62,1.74,1.83,2.16,2.31
2020-01-08,1.58,1.61,1.67,1.78,1.87,2.21,2.35
2020-01-09,1.58,1.59,1.65,1.77,1.85,2.17,2.38
2020-01-10,1.56,1.59,1.63,1.74,1.83,2.14,2.28
2020-01-13,1.58,1.6,1.65,1.76,1.85,2.16,2.3
2020-01-14,1.58,1.59,1.63,1.74,1.82,2.12,2.27
2020-01-15,1.56,1.56,1.6,1.71,1.79,2.09,2.23
2020-01-16,1.58,1.58,1.63,1.73,1.81,2.11,2.26
2020-01-17,1.58,1.56,1.63,1.74,1.84,2.16,2.29
2020-01-21,1.53,1.53,1.57,1.69,1.78,2.1,2.23
2020-01-22,1.53,1.52,1.57,1.68,1.77,2.07,2.22
2020-01-23,1.51,1.51,1.55,1.65,1.74,2.03,2.18
2020-01-24,1.49,1.48,1.51,1.61,1.7,2.0,2.14
2020-01-27,1.44,1.41,1.44,1.52,1.61,1.91,2.05
2020-01-28,1.45,1.45,1.47,1.56,1.65,1.95,2.1
2020-01-29,1.42,1.39,1.41,1.51,1.6,1.89,2.05
2020-01-30,1.41,1.37,1.39,1.49,1.57,1.88,2.04
2020-01-31,1.33,1.3,1.32,1.42,1.51,1.83,1.99
2020-02-03,1.36,1.34,1.35,1.45,1.54,1.84,2.01
2020-02-04,1.41,1.4,1.42,1.52,1.61,1.91,2.08
2020-02-05,1.44,1.43,1.46,1.57,1.66,1.97,2.14
2020-02-06,1.44,1.43,1.45,1.56,1.65,1.94,2.11
2020-02-07,1.41,1.39,1.41,1.51,1.59,1.89,2.05
2020-02-10,1.37,1.36,1.38,1.47,1.56,1.87,2.03
2020-02-11,1.41,1.39,1.4,1.5,1.59,1.89,2.05
2020-02-12,1.44,1.42,1.45,1.55,1.62,1.93,2.09
2020-02-13,1.44,1.42,1.43,1.53,1.61,1.91,2.07
2020-02-14,1.42,1.4,1.42,1.51,1.59,1.89,2.04
2020-02-18,1.41,1.37,1.39,1.48,1.55,1.85,2
2020-02-19,1.42,1.39,1.41,1.5,1.56,1.86,2.01
2020-02-20,1.39,1.35,1.37,1.45,1.52,1.81,1.97
2020-02-21,1.34,1.3,1.3,1.39,1.46,1.75,1.9
2020-02-24,1.26,1.21,1.21,1.3,1.38,1.68,1.84
2020-02-25,1.2,1.16,1.16,1.25,1.33,1.63,1.8
2020-02-26,1.16,1.14,1.14,1.25,1.33,1.64,1.81
2020-02-27,1.11,1.08,1.11,1.22,1.3,1.61,1.79
2020-02-28,0.86,0.85,0.89,1.03,1.13,1.46,1.65
2020-03-02,0.84,0.85,0.88,1.01,1.1,1.46,1.66
2020-03-03,0.71,0.72,0.77,0.91,1.02,1.44,1.64
2020-03-04,0.67,0.68,0.75,0.9,1.02,1.45,1.67
2020-03-05,0.59,0.61,0.67,0.81,0.92,1.34,1.56
2020-03-06,0.49,0.53,0.58,0.69,0.74,1.09,1.25
2020-03-09,0.38,0.4,0.46,0.56,0.54,0.87,0.99
2020-03-10,0.5,0.58,0.63,0.73,0.76,1.16,1.28
2020-03-11,0.5,0.58,0.66,0.78,0.82,1.13,1.3
2020-03-12,0.5,0.58,0.66,0.82,0.88,1.27,1.46
2020-03-13,0.49,0.58,0.7,0.89,0.94,1.31,1.56
2020-03-16,0.36,0.43,0.49,0.67,0.73,1.1,1.34
2020-03-17,0.47,0.54,0.66,0.91,1.02,1.45,1.63
2020-03-18,0.54,0.66,0.79,1.08,1.18,1.6,1.77
2020-03-19,0.44,0.53,0.66,1.0,1.12,1.56,1.78
2020-03-20,0.37,0.41,0.52,0.82,0.92,1.35,1.55
2020-03-23,0.28,0.31,0.38,0.63,0.76,1.12,1.33
2020-03-24,0.38,0.44,0.52,0.75,0.84,1.19,1.39
2020-03-25,0.34,0.41,0.56,0.77,0.88,1.23,1.45
2020-03-26,0.3,0.36,0.51,0.72,0.83,1.2,1.42
2020-03-27,0.25,0.3,0.41,0.6,0.72,1.09,1.29
2020-03-30,0.23,0.29,0.39,0.57,0.7,1.1,1.31
2020-03-31,0.23,0.29,0.37,0.55,0.7,1.15,1.35
2020-04-01,0.23,0.28,0.37,0.51,0.62,1.04,1.27
2020-04-02,0.23,0.29,0.39,0.53,0.63,1.04,1.26
2020-04-03,0.23,0.3,0.39,0.52,0.62,1.05,1.24
2020-04-06,0.27,0.35,0.44,0.58,0.67,1.08,1.27
2020-04-07,0.28,0.36,0.48,0.64,0.75,1.13,1.32
2020-04-08,0.27,0.34,0.47,0.65,0.77,1.18,1.37
2020-04-09,0.23,0.29,0.41,0.6,0.73,1.15,1.35
2020-04-13,0.25,0.31,0.44,0.63,0.76,1.19,1.39
2020-04-14,0.23,0.29,0.42,0.61,0.76,1.19,1.41
2020-04-15,0.2,0.24,0.34,0.49,0.63,1.06,1.27
2020-04-16,0.2,0.25,0.35,0.5,0.61,1.01,1.21
2020-04-17,0.2,0.26,0.36,0.53,0.65,1.08,1.27
2020-04-20,0.2,0.26,0.35,0.51,0.63,1.04,1.23
2020-04-21,0.2,0.24,0.34,0.48,0.58,0.98,1.17
2020-04-22,0.22,0.26,0.37,0.52,0.63,1.03,1.22
2020-04-23,0.22,0.26,0.37,0.51,0.64,0.99,1.18
2020-04-24,0.22,0.26,0.36,0.51,0.6,0.98,1.17
2020-04-27,0.24,0.29,0.41,0.56,0.67,1.06,1.25
2020-04-28,0.2,0.26,0.37,0.52,0.62,1.0,1.2
2020-04-29,0.2,0.24,0.36,0.52,0.63,1.02,1.24
2020-04-30,0.2,0.24,0.36,0.53,0.64,1.05,1.28
2020-05-01,0.2,0.25,0.36,0.53,0.64,1.04,1.27
2020-05-04,0.19,0.24,0.36,0.52,0.64,1.05,1.29
2020-05-05,0.19,0.24,0.36,0.53,0.66,1.07,1.32
2020-05-06,0.17,0.24,0.37,0.57,0.72,1.13,1.41
2020-05-07,0.13,0.19,0.29,0.419,0.63,1.05,1.31
2020-05-08,0.16,0.21,0.33,0.53,0.69,1.12,1.39
2020-05-11,0.17,0.24,0.36,0.56,0.73,1.16,1.43
2020-05-12,0.17,0.22,0.34,0.53,0.69,1.11,1.38
2020-05-13,0.16,0.2,0.31,0.5,0.64,1.07,1.35
2020-05-14,0.16,0.2,0.31,0.48,0.63,1.03,1.3
2020-05-15,0.16,0.19,0.31,0.49,0.64,1.05,1.32
2020-05-18,0.18,0.24,0.38,0.57,0.73,1.17,1.44
2020-05-19,0.17,0.22,0.35,0.54,0.7,1.15,1.43
2020-05-20,0.16,0.21,0.34,0.53,0.68,1.19,1.4
2020-05-21,0.17,0.21,0.35,0.53,0.68,1.16,1.4
2020-05-22,0.17,0.21,0.34,0.51,0.66,1.12,1.37
2020-05-26,0.18,0.22,0.35,0.53,0.69,1.19,1.43
2020-05-27,0.19,0.22,0.34,0.52,0.68,1.19,1.44
2020-05-28,0.17,0.22,0.34,0.54,0.7,1.23,1.47
2020-05-29,0.16,0.19,0.3,0.5,0.65,1.18,1.41
2020-06-01,0.14,0.2,0.31,0.5,0.66,1.22,1.46
2020-06-02,0.17,0.2,0.32,0.52,0.68,1.24,1.48
2020-06-03,0.19,0.26,0.38,0.59,0.77,1.32,1.56
2020-06-04,0.19,0.26,0.4,0.63,0.82,1.38,1.61
2020-06-05,0.22,0.29,0.47,0.71,0.91,1.46,1.68
2020-06-08,0.22,0.29,0.45,0.69,0.88,1.43,1.65
2020-06-09,0.2,0.25,0.4,0.65,0.84,1.37,1.59
2020-06-10,0.17,0.22,0.33,0.56,0.75,1.31,1.53
2020-06-11,0.19,0.22,0.32,0.51,0.66,1.19,1.41
2020-06-12,0.19,0.22,0.33,0.54,0.71,1.24,1.45
2020-06-15,0.19,0.22,0.33,0.54,0.71,1.24,1.45
2020-06-16,0.21,0.23,0.34,0.56,0.75,1.31,1.54
2020-06-17,0.19,0.23,0.34,0.55,0.74,1.3,1.52
2020-06-18,0.19,0.22,0.34,0.54,0.71,1.24,1.47
2020-06-19,0.19,0.22,0.33,0.53,0.7,1.23,1.47
2020-06-22,0.19,0.22,0.34,0.54,0.71,1.23,1.46
2020-06-23,0.18,0.22,0.33,0.54,0.72,1.25,1.49
2020-06-24,0.19,0.21,0.33,0.52,0.69,1.21,1.44
2020-06-25,0.17,0.21,0.32,0.53,0.68,1.2,1.43
2020-06-26,0.17,0.19,0.3,0.49,0.64,1.15,1.37
2020-06-29,0.16,0.18,0.28,0.47,0.64,1.16,1.39
2020-06-30,0.16,0.18,0.29,0.49,0.66,1.18,1.41
2020-07-01,0.17,0.19,0.31,0.52,0.69,1.2,1.43
2020-07-02,0.16,0.19,0.29,0.5,0.68,1.2,1.43
2020-07-06,0.16,0.19,0.31,0.51,0.69,1.21,1.45
2020-07-07,0.16,0.19,0.29,0.48,0.65,1.15,1.38
2020-07-08,0.16,0.19,0.3,0.49,0.67,1.16,1.39
2020-07-09,0.16,0.18,0.28,0.46,0.62,1.09,1.32
2020-07-10,0.16,0.19,0.3,0.49,0.65,1.12,1.33
2020-07-13,0.16,0.19,0.3,0.48,0.64,1.11,1.33
2020-07-14,0.14,0.19,0.28,0.47,0.63,1.09,1.3
2020-07-15,0.16,0.18,0.28,0.47,0.64,1.11,1.33
2020-07-16,0.16,0.17,0.28,0.46,0.62,1.09,1.31
2020-07-17,0.14,0.18,0.29,0.47,0.64,1.11,1.33
2020-07-20,0.16,0.18,0.29,0.47,0.62,1.1,1.32
2020-07-21,0.14,0.17,0.27,0.45,0.61,1.09,1.31
2020-07-22,0.14,0.17,0.27,0.45,0.6,1.08,1.29
2020-07-23,0.16,0.16,0.27,0.44,0.59,1.03,1.24
2020-07-24,0.14,0.17,0.27,0.44,0.59,1.03,1.23
2020-07-27,0.15,0.18,0.3,0.46,0.62,1.05,1.25
2020-07-28,0.14,0.16,0.26,0.44,0.59,1.01,1.22
2020-07-29,0.12,0.15,0.25,0.43,0.58,1.03,1.24
2020-07-30,0.11,0.14,0.23,0.4,0.55,0.98,1.2
2020-07-31,0.11,0.11,0.21,0.39,0.55,0.98,1.2
2020-08-03,0.11,0.13,0.22,0.4,0.56,1.01,1.23
2020-08-04,0.11,0.1,0.19,0.36,0.52,0.96,1.19
2020-08-05,0.11,0.13,0.22,0.39,0.55,1.0,1.22
2020-08-06,0.11,0.13,0.21,0.39,0.55,0.98,1.2
2020-08-07,0.13,0.14,0.23,0.41,0.57,1.01,1.23
2020-08-10,0.14,0.15,0.24,0.42,0.59,1.04,1.25
2020-08-11,0.16,0.18,0.27,0.46,0.64,1.1,1.32
2020-08-12,0.16,0.19,0.3,0.5,0.69,1.15,1.37
2020-08-13,0.16,0.19,0.32,0.52,0.71,1.2,1.42
2020-08-14,0.14,0.18,0.29,0.51,0.71,1.21,1.45
2020-08-17,0.14,0.18,0.29,0.49,0.69,1.19,1.43
2020-08-18,0.14,0.17,0.27,0.47,0.67,1.16,1.4
2020-08-19,0.14,0.17,0.29,0.48,0.68,1.2,1.42
2020-08-20,0.13,0.15,0.26,0.46,0.65,1.15,1.38
2020-08-21,0.16,0.16,0.27,0.46,0.64,1.13,1.35
2020-08-24,0.14,0.18,0.28,0.47,0.65,1.14,1.35
2020-08-25,0.15,0.18,0.3,0.49,0.69,1.18,1.39
2020-08-26,0.16,0.18,0.28,0.5,0.69,1.2,1.41
2020-08-27,0.16,0.19,0.31,0.53,0.74,1.28,1.5
2020-08-28,0.14,0.16,0.28,0.51,0.74,1.29,1.52
2020-08-31,0.14,0.15,0.28,0.5,0.72,1.26,1.49
2020-09-01,0.13,0.14,0.26,0.46,0.68,1.2,1.43
2020-09-02,0.14,0.16,0.26,0.45,0.66,1.16,1.38
2020-09-03,0.13,0.15,0.24,0.43,0.63,1.13,1.34
2020-09-04,0.14,0.18,0.3,0.5,0.72,1.25,1.46
2020-09-08,0.14,0.17,0.28,0.47,0.69,1.22,1.43
2020-09-09,0.14,0.17,0.28,0.48,0.71,1.25,1.45
2020-09-10,0.14,0.17,0.26,0.46,0.68,1.22,1.43
2020-09-11,0.13,0.16,0.26,0.45,0.67,1.21,1.42
2020-09-14,0.14,0.16,0.27,0.46,0.68,1.251,1.42
2020-09-15,0.14,0.16,0.27,0.46,0.68,1.21,1.43
2020-09-16,0.14,0.16,0.28,0.47,0.69,1.23,1.45
2020-09-17,0.13,0.16,0.28,0.47,0.69,1.22,1.43
2020-09-18,0.14,0.16,0.29,0.48,0.7,1.24,1.45
2020-09-21,0.14,0.16,0.27,0.46,0.68,1.22,1.43
2020-09-22,0.13,0.15,0.27,0.46,0.68,1.21,1.42
2020-09-23,0.14,0.15,0.28,0.46,0.68,1.21,1.42
2020-09-24,0.14,0.16,0.27,0.46,0.67,1.19,1.4
2020-09-25,0.12,0.15,0.26,0.45,0.66,1.19,1.4
2020-09-28,0.14,0.16,0.26,0.46,0.67,1.2,1.42
2020-09-29,0.11,0.13,0.24,0.44,0.66,1.19,1.41
2020-09-30,0.13,0.16,0.28,0.47,0.69,1.23,1.46
2020-10-01,0.14,0.16,0.27,0.46,0.68,1.23,1.45
2020-10-02,0.13,0.16,0.28,0.48,0.7,1.25,1.48
2020-10-05,0.14,0.19,0.33,0.55,0.78,1.34,1.57
2020-10-06,0.14,0.17,0.32,0.53,0.76,1.33,1.56
2020-10-07,0.16,0.21,0.35,0.56,0.81,1.37,1.6
2020-10-08,0.13,0.18,0.33,0.54,0.78,1.34,1.57
2020-10-09,0.16,0.2,0.34,0.55,0.79,1.34,1.58
2020-10-13,0.16,0.18,0.31,0.52,0.74,1.29,1.52
2020-10-14,0.14,0.18,0.3,0.51,0.73,1.28,1.5
2020-10-15,0.14,0.18,0.32,0.52,0.74,1.29,1.52
2020-10-16,0.14,0.18,0.32,0.53,0.76,1.3,1.52
2020-10-19,0.16,0.19,0.34,0.54,0.78,1.32,1.55
2020-10-20,0.14,0.19,0.34,0.57,0.81,1.37,1.6
2020-10-21,0.14,0.2,0.36,0.58,0.83,1.4,1.62
2020-10-22,0.16,0.21,0.38,0.62,0.87,1.43,1.67
2020-10-23,0.18,0.21,0.37,0.61,0.85,1.41,1.64
2020-10-26,0.16,0.18,0.35,0.58,0.81,1.37,1.59
2020-10-27,0.16,0.19,0.34,0.56,0.79,1.34,1.57
2020-10-28,0.16,0.19,0.34,0.56,0.79,1.34,1.56
2020-10-29,0.16,0.2,0.38,0.61,0.85,1.39,1.62
2020-10-30,0.14,0.19,0.38,0.64,0.88,1.43,1.65
2020-11-02,0.16,0.2,0.38,0.63,0.87,1.41,1.63
2020-11-03,0.17,0.21,0.39,0.65,0.9,1.44,1.66
2020-11-04,0.14,0.18,0.33,0.55,0.78,1.33,1.55
2020-11-05,0.14,0.18,0.33,0.56,0.79,1.32,1.54
2020-11-06,0.16,0.21,0.36,0.59,0.83,1.37,1.6
